2015-01-02,314.9,316.4,313.1,315.2,14730.0,0.001
2015-01-03,315.2,315.8,284.9,287.1,47370.0,-0.0891
2015-01-04,287.1,289.9,255.9,264.7,88770.0,-0.078
2015-01-05,264.7,278.3,262.9,274.8,54990.0,0.0382
2015-01-06,274.8,285.1,271.5,282.3,21940.0,0.027000000000000003
2015-01-07,282.3,296.1,280.7,291.3,30670.0,0.0321
2015-01-08,291.3,292.7,279.0,282.7,20180.0,-0.0297
2015-01-09,282.7,290.6,277.3,288.0,20930.0,0.0187
2015-01-10,288.0,289.3,272.0,273.4,14730.0,-0.0508
2015-01-11,273.4,278.0,263.8,264.8,15110.0,-0.031400000000000004
2015-01-12,264.8,273.1,263.3,269.3,25390.0,0.0172
2015-01-13,269.3,269.1,217.1,221.3,95500.0,-0.1784
2015-01-14,221.3,230.9,157.3,164.9,170680.0,-0.2547
2015-01-15,164.9,231.3,164.6,209.8,124670.0,0.272
2015-01-16,209.8,222.6,198.7,206.9,62320.0,-0.013600000000000001
2015-01-17,206.9,212.6,191.7,199.6,43130.0,-0.0351
2015-01-18,199.6,220.7,192.5,210.6,40370.0,0.054900000000000004
2015-01-19,210.6,219.5,205.5,215.9,31580.0,0.024900000000000002
2015-01-20,215.9,216.6,203.4,210.6,37480.0,-0.0246
2015-01-21,210.6,229.3,207.1,228.2,43180.0,0.0837
2015-01-22,228.2,238.8,225.6,232.7,53710.0,0.0199
2015-01-23,232.7,237.0,224.8,232.2,38170.0,-0.0023
2015-01-24,232.2,248.9,229.6,248.2,33240.0,0.0689
2015-01-25,248.2,256.4,241.4,252.1,50190.0,0.0158
2015-01-26,252.1,310.9,251.5,269.2,105710.0,0.0678
2015-01-27,269.2,276.9,247.3,263.3,50260.0,-0.022000000000000002
2015-01-28,263.3,267.7,228.1,236.2,63770.0,-0.10289999999999999
2015-01-29,236.2,241.5,220.4,234.0,54490.0,-0.0092
2015-01-30,234.0,244.8,227.2,231.8,48230.0,-0.0092
2015-01-31,231.8,235.4,216.5,218.5,42150.0,-0.0575
2015-02-01,218.5,231.4,209.7,225.3,41160.0,0.031
2015-02-02,225.3,242.5,220.5,238.9,39020.0,0.0602
2015-02-03,238.9,247.5,223.9,227.4,63080.0,-0.0479
2015-02-04,227.4,230.7,220.2,226.6,55240.0,-0.0036
2015-02-05,226.6,229.9,214.4,216.5,40640.0,-0.0444
2015-02-06,216.5,226.2,215.6,223.0,52520.0,0.0297
2015-02-07,223.0,231.0,222.4,227.7,39760.0,0.0212
2015-02-08,227.7,230.2,219.5,223.7,29050.0,-0.0176
2015-02-09,223.7,225.0,215.7,220.3,91690.0,-0.0149
2015-02-10,220.3,222.2,214.4,219.7,86150.0,-0.003
2015-02-11,219.7,223.5,217.3,218.8,71730.0,-0.0038
2015-02-12,218.8,223.0,217.3,221.8,50110.0,0.013500000000000002
2015-02-13,221.8,241.6,220.6,236.2,112250.0,0.06480000000000001
2015-02-14,236.2,261.3,235.4,258.6,133800.0,0.0951
2015-02-15,258.6,264.6,226.6,233.3,179140.0,-0.0981
2015-02-16,233.3,240.0,228.0,235.8,115470.0,0.011000000000000001
2015-02-17,235.8,247.2,232.0,243.2,116260.0,0.0313
2015-02-18,243.2,245.5,231.7,235.2,99660.0,-0.0329
2015-02-19,235.2,244.1,234.9,241.9,66050.0,0.0286
2015-02-20,241.9,247.8,238.8,244.5,83590.0,0.010700000000000001
2015-02-21,244.5,247.3,242.6,244.4,42950.0,-0.0004
2015-02-22,244.4,246.5,232.7,235.7,75700.0,-0.0355
2015-02-23,235.7,240.1,231.3,238.8,62670.0,0.0131
2015-02-24,238.8,240.3,235.5,238.9,45030.0,0.0003
2015-02-25,238.9,239.6,234.6,237.3,38100.0,-0.006500000000000001
2015-02-26,237.3,238.2,233.5,236.5,50870.0,-0.0034000000000000002
2015-02-27,236.5,258.7,235.7,253.5,167810.0,0.0716
2015-02-28,253.5,255.4,248.7,254.1,39410.0,0.0023
2015-03-01,254.1,260.6,244.8,257.9,51330.0,0.015300000000000001
2015-03-02,257.9,274.8,256.1,273.8,81090.0,0.0613
2015-03-03,273.8,287.1,266.1,280.6,164820.0,0.0252
2015-03-04,280.6,284.5,265.9,271.9,139000.0,-0.0311
2015-03-05,271.9,280.8,262.8,275.2,123640.0,0.012199999999999999
2015-03-06,275.2,278.0,269.0,272.6,98800.0,-0.0097
2015-03-07,272.6,278.3,269.4,274.9,60720.0,0.0086
2015-03-08,274.9,278.8,271.3,274.5,50400.0,-0.0015
2015-03-09,274.5,293.3,273.8,290.0,151770.0,0.056600000000000004
2015-03-10,290.0,301.0,288.1,291.4,158180.0,0.004699999999999999
2015-03-11,291.4,297.7,288.9,295.6,79980.0,0.014499999999999999
2015-03-12,295.6,297.0,290.8,293.9,107320.0,-0.0059
2015-03-13,293.9,294.9,286.1,287.2,97340.0,-0.0226
2015-03-14,287.2,288.4,279.3,281.6,75720.0,-0.0195
2015-03-15,281.6,286.4,280.4,284.9,39460.0,0.0116
2015-03-16,284.9,294.0,284.8,290.4,66340.0,0.0194
2015-03-17,290.4,292.5,283.3,285.4,65010.00000000001,-0.0173
2015-03-18,285.4,285.6,248.2,255.9,206740.0,-0.1032
2015-03-19,255.9,264.8,247.0,260.9,180690.0,0.0196
2015-03-20,260.9,264.7,257.9,261.8,52830.0,0.0033
2015-03-21,261.8,263.3,254.0,259.7,51650.0,-0.0079
2015-03-22,259.7,270.4,259.0,268.6,56630.0,0.0341
2015-03-23,268.6,271.0,259.4,265.5,81450.0,-0.0116
2015-03-24,265.5,267.0,242.7,246.7,151090.0,-0.0706
2015-03-25,246.7,249.2,234.8,246.4,131440.0,-0.0014000000000000002
2015-03-26,246.4,254.7,243.5,248.0,89470.0,0.0067
2015-03-27,248.0,250.1,244.5,247.2,62560.0,-0.0033
2015-03-28,247.2,254.3,246.3,252.0,55060.0,0.0195
2015-03-29,252.0,252.8,238.9,242.1,77540.0,-0.0394
2015-03-30,242.1,248.8,236.6,246.8,85330.0,0.0195
2015-03-31,246.8,248.7,241.2,244.1,75330.0,-0.010700000000000001
2015-04-01,244.1,247.7,239.6,246.2,67080.0,0.0086
2015-04-02,246.2,254.9,244.3,252.6,81370.0,0.0258
2015-04-03,252.6,256.5,251.3,254.5,71740.0,0.0074
2015-04-04,254.5,255.2,250.3,252.9,30720.0,-0.0062
2015-04-05,252.9,260.3,250.6,259.6,43830.0,0.026699999999999998
2015-04-06,259.6,261.5,252.3,255.0,45930.0,-0.018000000000000002
2015-04-07,255.0,255.6,250.1,253.0,44790.0,-0.0078000000000000005
2015-04-08,253.0,254.3,242.6,244.6,102650.0,-0.0332
2015-04-09,244.6,246.2,237.6,243.3,69190.0,-0.0051
2015-04-10,243.3,244.1,231.3,234.7,100200.0,-0.0353
2015-04-11,234.7,240.0,233.1,236.5,51990.0,0.0075
2015-04-12,236.5,237.5,232.3,235.9,33030.0,-0.0027
2015-04-13,235.9,236.8,220.4,223.6,105150.0,-0.052000000000000005
2015-04-14,223.6,224.7,214.3,218.0,115190.0,-0.025
2015-04-15,218.0,223.6,217.1,223.0,77230.0,0.022799999999999997
2015-04-16,223.0,229.5,222.9,228.0,84890.0,0.0225
2015-04-17,228.0,229.3,220.6,222.6,66920.0,-0.0236
2015-04-18,222.6,224.5,220.6,223.4,36540.0,0.0034000000000000002
2015-04-19,223.4,226.9,222.0,223.0,35500.0,-0.0015
2015-04-20,223.0,226.7,221.6,224.2,44870.0,0.0055000000000000005
2015-04-21,224.2,235.3,223.3,233.7,68350.0,0.042300000000000004
2015-04-22,233.7,238.4,231.8,233.8,77560.0,0.0002
2015-04-23,233.8,236.1,232.6,235.4,42450.0,0.0069
2015-04-24,235.4,236.6,229.1,231.1,69780.0,-0.0183
2015-04-25,231.1,232.3,223.1,226.1,43780.0,-0.021400000000000002
2015-04-26,226.1,226.7,214.1,218.7,100770.0,-0.0329
2015-04-27,218.7,242.6,216.6,229.0,123410.0,0.046900000000000004
2015-04-28,229.0,229.9,222.0,225.8,65970.0,-0.0138
2015-04-29,225.8,227.2,222.3,225.4,60890.0,-0.0017000000000000001
2015-04-30,225.4,240.0,224.7,235.8,112240.0,0.045899999999999996
2015-05-01,235.8,239.4,232.4,233.2,60140.0,-0.0109
2015-05-02,233.2,236.4,231.7,235.3,37080.0,0.0091
2015-05-03,235.3,243.6,233.8,240.0,55720.0,0.019799999999999998
2015-05-04,240.0,243.2,237.4,239.0,69120.0,-0.0043
2015-05-05,239.0,239.6,231.8,235.8,77870.0,-0.0132
2015-05-06,235.8,237.1,228.2,230.0,103660.0,-0.0246
2015-05-07,230.0,240.3,228.3,237.7,91050.0,0.0335
2015-05-08,237.7,247.0,235.8,243.7,87500.0,0.0253
2015-05-09,243.7,247.9,238.5,241.4,62790.0,-0.0096
2015-05-10,241.4,244.8,238.2,240.0,44000.0,-0.006
2015-05-11,240.0,243.9,238.9,241.8,57170.0,0.0077
2015-05-12,241.8,243.0,239.2,241.6,40080.0,-0.001
2015-05-13,241.6,243.9,234.1,236.4,84430.0,-0.0215
2015-05-14,236.4,239.2,232.4,236.9,71020.0,0.0022
2015-05-15,236.9,238.8,235.5,237.2,46030.0,0.0013
2015-05-16,237.2,237.8,234.6,236.2,27050.0,-0.0040999999999999995
2015-05-17,236.2,237.8,235.4,236.3,28430.0,0.0003
2015-05-18,236.3,237.1,231.5,232.6,53140.0,-0.0155
2015-05-19,232.6,234.5,231.3,232.0,40940.0,-0.0027
2015-05-20,232.0,235.2,231.5,234.0,49690.0,0.0084
2015-05-21,234.0,236.6,233.6,235.4,42940.0,0.0060999999999999995
2015-05-22,235.4,242.0,234.6,240.4,74110.0,0.0212
2015-05-23,240.4,241.7,238.1,238.9,36030.0,-0.0059
2015-05-24,238.9,242.4,237.5,241.0,30260.0,0.0085
2015-05-25,241.0,241.8,235.8,237.4,26390.0,-0.0148
2015-05-26,237.4,239.0,235.6,237.8,37080.0,0.0018
2015-05-27,237.8,238.9,235.9,237.3,48030.0,-0.0023
2015-05-28,237.3,238.4,236.2,237.3,35750.0,0.0
2015-05-29,237.3,237.9,235.1,237.0,38920.0,-0.0012
2015-05-30,237.0,237.1,231.6,233.2,41630.0,-0.0161
2015-05-31,233.2,234.0,229.1,229.8,39000.0,-0.014499999999999999
2015-06-01,229.8,231.8,221.0,223.1,87060.0,-0.0292
2015-06-02,223.1,227.4,222.3,225.7,60810.0,0.011699999999999999
2015-06-03,225.7,227.9,223.7,225.6,54350.0,-0.0007000000000000001
2015-06-04,225.6,226.7,223.5,224.2,44060.0,-0.0060999999999999995
2015-06-05,224.2,226.4,222.1,225.3,56460.0,0.0048
2015-06-06,225.3,225.8,223.5,224.7,22470.0,-0.0024
2015-06-07,224.7,226.4,222.2,223.5,40480.0,-0.005699999999999999
2015-06-08,223.5,229.9,223.0,228.6,74150.0,0.022799999999999997
2015-06-09,228.6,231.4,227.5,229.6,54840.0,0.0043
2015-06-10,229.6,230.4,227.8,228.8,41640.0,-0.0034000000000000002
2015-06-11,228.8,230.6,228.5,229.9,38000.0,0.0048
2015-06-12,229.9,231.6,229.3,230.5,40750.0,0.0025
2015-06-13,230.5,233.1,229.0,232.5,38010.0,0.0088
2015-06-14,232.5,235.5,232.1,233.8,32900.0,0.0055000000000000005
2015-06-15,233.8,238.6,233.3,237.0,63470.0,0.0139
2015-06-16,237.0,254.1,235.7,249.8,122470.0,0.0541
2015-06-17,249.8,258.5,245.1,247.4,121620.0,-0.0098
2015-06-18,247.4,251.9,242.5,248.4,78140.0,0.0043
2015-06-19,248.4,250.8,243.6,244.1,84700.0,-0.0173
2015-06-20,244.1,246.6,238.7,245.0,51280.0,0.0034999999999999996
2015-06-21,245.0,246.0,240.9,244.1,25150.0,-0.0036
2015-06-22,244.1,248.6,243.2,247.5,47590.0,0.0138
2015-06-23,247.5,247.7,242.3,243.8,38430.0,-0.015
2015-06-24,243.8,244.5,239.1,240.6,47110.0,-0.0131
2015-06-25,240.6,243.6,239.3,242.6,40360.0,0.0083
2015-06-26,242.6,243.5,240.1,242.9,37620.0,0.0016
2015-06-27,242.9,251.6,241.8,250.7,54700.0,0.032
2015-06-28,250.7,251.6,246.6,248.9,39890.0,-0.0074
2015-06-29,248.9,257.5,248.0,257.0,92640.0,0.0325
2015-06-30,257.0,268.7,255.4,264.1,116530.0,0.0278
2015-07-01,264.1,265.0,254.4,257.6,66940.0,-0.0246
2015-07-02,257.6,261.3,253.1,254.9,45010.0,-0.0106
2015-07-03,254.9,256.7,252.4,255.4,36580.0,0.002
2015-07-04,255.4,261.1,253.4,260.5,32950.0,0.0202
2015-07-05,260.5,274.1,257.6,270.1,48450.0,0.0368
2015-07-06,270.1,277.5,266.5,269.1,90580.0,-0.0039000000000000003
2015-07-07,269.1,271.3,263.2,266.2,41610.0,-0.010700000000000001
2015-07-08,266.2,273.6,263.2,268.6,45290.0,0.0091
2015-07-09,268.6,272.3,265.1,269.1,48390.0,0.0019
2015-07-10,269.1,297.9,266.9,283.6,117170.0,0.0538
2015-07-11,283.6,298.8,282.3,292.0,46490.0,0.0294
2015-07-12,292.0,315.9,291.3,310.4,120700.0,0.0633
2015-07-13,310.4,310.9,276.9,290.4,146850.0,-0.0647
2015-07-14,290.4,297.0,285.2,287.0,60620.0,-0.011699999999999999
2015-07-15,287.0,292.9,283.2,283.4,59580.0,-0.0123
2015-07-16,283.4,290.8,273.3,276.6,121320.0,-0.0241
2015-07-17,276.6,280.8,271.2,279.6,62120.0,0.011000000000000001
2015-07-18,279.6,282.5,243.2,274.0,55340.0,-0.0199
2015-07-19,274.0,277.1,271.9,273.2,30200.0,-0.0032
2015-07-20,273.2,278.9,271.8,277.7,46600.0,0.0165
2015-07-21,277.7,281.0,274.2,275.1,49050.0,-0.009300000000000001
2015-07-22,275.1,277.4,273.1,276.5,41970.0,0.005
2015-07-23,276.5,277.9,274.5,275.5,35660.0,-0.0034000000000000002
2015-07-24,275.5,289.8,274.3,288.4,74360.0,0.0466
2015-07-25,288.4,291.2,284.7,288.7,41650.0,0.0013
2015-07-26,288.7,293.3,286.8,291.8,30990.0,0.0105
2015-07-27,291.8,295.8,285.4,293.0,69710.0,0.0042
2015-07-28,293.0,296.7,291.7,293.7,49070.0,0.0024
2015-07-29,293.7,294.7,286.9,288.4,50670.0,-0.0181
2015-07-30,288.4,289.9,284.9,287.0,44790.0,-0.004699999999999999
2015-07-31,287.0,288.7,280.8,283.7,49210.0,-0.0115
2015-08-01,283.7,284.5,276.3,280.5,39430.0,-0.0115
2015-08-02,280.5,282.5,275.9,281.4,35670.0,0.0032
2015-08-03,281.4,285.0,278.9,281.6,45890.0,0.0008
2015-08-04,281.6,285.7,279.6,284.3,44840.0,0.0097
2015-08-05,284.3,285.5,280.5,281.7,38290.0,-0.0091
2015-08-06,281.7,282.0,276.5,278.0,33260.0,-0.0132
2015-08-07,278.0,279.6,274.3,277.9,42810.0,-0.0004
2015-08-08,277.9,278.9,257.4,258.6,82540.0,-0.0694
2015-08-09,258.6,266.8,258.6,263.9,57480.0,0.0204
2015-08-10,263.9,266.6,260.5,263.3,48570.0,-0.0022
2015-08-11,263.3,269.9,261.4,269.0,51360.0,0.0218
2015-08-12,269.0,271.5,263.7,267.7,56730.0,-0.0051
2015-08-13,267.7,268.4,261.3,263.4,56490.0,-0.0158
2015-08-14,263.4,267.2,260.2,265.0,52330.0,0.006
2015-08-15,265.0,266.5,259.4,260.5,38910.0,-0.017
2015-08-16,260.5,261.9,254.6,257.1,69040.0,-0.0131
2015-08-17,257.1,259.9,252.9,257.1,47880.0,0.0
2015-08-18,257.1,257.5,245.7,246.7,94500.0,-0.0405
2015-08-19,246.7,247.9,214.3,226.0,245820.0,-0.084
2015-08-20,226.0,238.0,225.5,234.7,90980.0,0.0383
2015-08-21,234.7,236.3,230.5,232.4,57650.0,-0.0096
2015-08-22,232.4,235.1,221.0,229.5,74210.0,-0.0123
2015-08-23,229.5,232.7,224.3,226.8,48840.0,-0.012199999999999999
2015-08-24,226.8,228.4,207.8,211.4,196700.0,-0.0676
2015-08-25,211.4,226.6,196.3,220.5,190790.0,0.0429
2015-08-26,220.5,230.7,218.8,225.0,92810.0,0.0202
2015-08-27,225.0,228.4,222.0,222.7,60250.0,-0.01
2015-08-28,222.7,234.8,219.6,231.6,90660.0,0.04
2015-08-29,231.6,233.1,226.4,228.5,43740.0,-0.013600000000000001
2015-08-30,228.5,232.3,225.4,228.4,39810.0,-0.0004
2015-08-31,228.4,231.8,224.2,229.5,54510.0,0.004699999999999999
2015-09-01,229.5,231.4,225.8,227.2,66540.0,-0.01
2015-09-02,227.2,230.6,225.6,228.6,58770.0,0.0064
2015-09-03,228.6,229.6,225.4,226.2,54150.0,-0.0106
2015-09-04,226.2,231.1,225.8,230.3,61760.0,0.0179
2015-09-05,230.3,235.6,228.3,233.7,48280.0,0.0149
2015-09-06,233.7,243.6,234.7,239.9,66270.0,0.0265
2015-09-07,239.9,242.7,237.5,239.6,57190.0,-0.0012
2015-09-08,239.6,246.4,239.2,243.2,76350.0,0.015300000000000001
2015-09-09,243.2,244.3,236.5,237.4,69260.0,-0.024
2015-09-10,237.4,240.6,234.3,238.1,60540.0,0.0028000000000000004
2015-09-11,238.1,241.0,237.4,239.9,45770.0,0.0076
2015-09-12,239.9,240.3,233.3,235.6,43770.0,-0.0179
2015-09-13,235.6,236.2,228.3,230.2,51600.0,-0.023
2015-09-14,230.2,232.6,226.0,229.9,61100.0,-0.0012
2015-09-15,229.9,242.8,228.0,229.5,49520.0,-0.0017000000000000001
2015-09-16,229.5,230.9,225.1,228.6,51910.0,-0.0040999999999999995
2015-09-17,228.6,235.2,227.9,232.7,56060.0,0.018000000000000002
2015-09-18,232.7,234.7,230.6,232.2,53170.0,-0.0022
2015-09-19,232.2,233.4,230.2,231.1,34470.0,-0.004699999999999999
2015-09-20,231.1,232.7,229.9,231.1,33150.0,0.0
2015-09-21,231.1,231.6,225.0,226.3,53430.0,-0.0206
2015-09-22,226.3,233.2,224.1,230.0,71550.0,0.0163
2015-09-23,230.0,232.2,228.5,229.9,43600.0,-0.0005
2015-09-24,229.9,235.8,229.6,233.8,72120.0,0.0168
2015-09-25,233.8,237.6,232.7,235.0,61580.0,0.0054
2015-09-26,235.0,235.7,232.7,234.3,40290.0,-0.0031
2015-09-27,234.3,234.8,231.8,232.5,36140.0,-0.0077
2015-09-28,232.5,240.4,232.4,238.9,64280.0,0.0274
2015-09-29,238.9,240.4,234.8,236.7,57300.0,-0.009000000000000001
2015-09-30,236.7,237.8,234.4,235.9,50520.0,-0.0033
2015-10-01,235.9,238.7,234.7,237.1,52880.0,0.004699999999999999
2015-10-02,237.1,238.4,235.1,236.7,47940.0,-0.0014000000000000002
2015-10-03,236.7,239.5,236.1,238.6,43310.0,0.0079
2015-10-04,238.6,277.6,237.5,238.3,31850.0,-0.001
2015-10-05,238.3,240.5,236.4,240.1,61240.0,0.0076
2015-10-06,240.1,247.6,239.4,246.1,78840.0,0.024900000000000002
2015-10-07,246.1,247.3,241.6,243.0,62600.0,-0.0128
2015-10-08,243.0,244.8,241.6,242.6,44150.0,-0.0016
2015-10-09,242.6,244.6,241.3,244.0,40570.0,0.006
2015-10-10,244.0,245.9,242.9,245.4,38960.0,0.0054
2015-10-11,245.4,248.3,244.5,247.6,41430.0,0.009399999999999999
2015-10-12,247.6,248.0,244.6,245.4,40390.0,-0.009300000000000001
2015-10-13,245.4,251.2,243.1,248.8,74880.0,0.013999999999999999
2015-10-14,248.8,255.1,248.3,252.3,69580.0,0.0143
2015-10-15,252.3,256.8,251.2,254.4,60640.0,0.0084
2015-10-16,254.4,267.3,253.9,262.9,95180.0,0.0331
2015-10-17,262.9,275.4,261.7,269.6,113840.0,0.0255
2015-10-18,269.6,272.4,259.5,261.7,52270.0,-0.029300000000000003
2015-10-19,261.7,266.0,259.9,263.8,58170.0,0.008199999999999999
2015-10-20,263.8,272.1,262.7,269.8,75400.0,0.0225
2015-10-21,269.8,272.2,263.5,267.1,59640.0,-0.0098
2015-10-22,267.1,278.7,266.8,274.4,93150.0,0.0274
2015-10-23,274.4,279.8,273.2,276.9,69320.0,0.0091
2015-10-24,276.9,283.0,277.0,282.6,60130.0,0.0204
2015-10-25,282.6,295.6,281.8,287.9,113900.0,0.018799999999999997
2015-10-26,287.9,287.6,279.6,285.1,73210.0,-0.009399999999999999
2015-10-27,285.1,298.4,285.1,294.7,105870.0,0.0334
2015-10-28,294.7,307.5,294.0,303.5,116410.0,0.0301
2015-10-29,303.5,318.5,300.2,313.6,138920.0,0.0332
2015-10-30,313.6,334.9,310.8,327.1,156490.0,0.043
2015-10-31,327.1,333.3,304.6,311.2,105830.0,-0.048499999999999995
2015-11-01,311.2,324.3,304.7,323.0,73710.0,0.037599999999999995
2015-11-02,323.0,365.8,319.8,359.3,223100.0,0.1125
2015-11-03,359.3,416.8,354.6,396.5,421990.0,0.1036
2015-11-04,396.5,492.8,368.6,400.9,517730.0,0.0111
2015-11-05,400.9,447.2,366.1,382.7,302950.0,-0.0454
2015-11-06,382.7,396.4,348.8,369.8,255280.0,-0.0337
2015-11-07,369.8,391.8,369.0,385.1,103030.0,0.041299999999999996
2015-11-08,385.1,389.8,365.5,371.6,94360.0,-0.0351
2015-11-09,371.6,385.1,360.2,380.2,125540.0,0.0233
2015-11-10,380.2,381.4,323.2,336.7,210290.0,-0.11449999999999999
2015-11-11,336.7,341.8,292.4,304.7,263960.0,-0.095
2015-11-12,304.7,346.1,306.1,333.9,164610.0,0.0956
2015-11-13,333.9,341.8,323.9,333.8,97250.0,-0.0002
2015-11-14,333.8,369.8,326.4,331.8,71110.0,-0.006
2015-11-15,331.8,334.8,314.2,317.5,88320.0,-0.0432
2015-11-16,317.5,332.0,314.1,330.2,87140.0,0.04019999999999999
2015-11-17,330.2,342.9,328.1,333.9,98250.0,0.011200000000000002
2015-11-18,333.9,337.4,329.4,335.9,78360.0,0.006
2015-11-19,335.9,335.6,323.4,325.0,86380.0,-0.0326
2015-11-20,325.0,327.1,309.5,321.1,109990.0,-0.011899999999999999
2015-11-21,321.1,328.4,318.4,324.7,45000.0,0.0111
2015-11-22,324.7,326.9,319.4,322.8,36750.0,-0.0059
2015-11-23,322.8,325.0,319.9,322.1,42730.0,-0.002
2015-11-24,322.1,323.3,315.5,318.4,50660.0,-0.011699999999999999
2015-11-25,318.4,330.0,315.7,327.5,77680.0,0.0288
2015-11-26,327.5,368.9,327.4,353.7,211380.0,0.0801
2015-11-27,353.7,363.9,345.1,359.5,103480.0,0.0163
2015-11-28,359.5,360.1,350.5,355.8,56170.0,-0.0103
2015-11-29,355.8,372.8,354.5,370.8,67370.0,0.042199999999999994
2015-11-30,370.8,382.6,367.9,378.0,129770.00000000001,0.0192
2015-12-01,378.0,379.0,353.7,361.8,111910.0,-0.042800000000000005
2015-12-02,361.8,363.4,347.2,360.0,92450.0,-0.005
2015-12-03,360.0,371.4,355.5,360.3,87230.0,0.0009
2015-12-04,360.3,364.0,354.3,361.7,60550.0,0.0038
2015-12-05,361.7,390.3,361.5,386.7,115200.0,0.0692
2015-12-06,386.7,402.2,382.6,393.4,131860.0,0.0173
2015-12-07,393.4,398.7,381.7,394.3,96750.0,0.0023
2015-12-08,394.3,411.1,388.0,410.7,74360.0,0.0416
2015-12-09,410.7,424.6,403.3,416.0,147360.0,0.013000000000000001
2015-12-10,416.0,420.4,409.5,415.5,71660.0,-0.0012
2015-12-11,415.5,453.4,413.7,449.8,175060.0,0.08259999999999999
2015-12-12,449.8,467.7,403.7,432.3,211440.0,-0.039
2015-12-13,432.3,441.0,420.8,434.7,64140.0,0.005600000000000001
2015-12-14,434.7,449.5,428.8,442.0,218920.0,0.0168
2015-12-15,442.0,464.2,440.7,462.6,107060.0,0.0467
2015-12-16,462.6,465.2,437.4,454.0,185220.0,-0.0187
2015-12-17,454.0,458.4,447.3,455.5,64580.0,0.0034000000000000002
2015-12-18,455.5,466.1,453.5,463.2,83410.0,0.0168
2015-12-19,463.2,466.0,452.3,461.2,61310.0,-0.0043
2015-12-20,461.2,462.8,431.1,441.8,121530.0,-0.0421
2015-12-21,441.8,445.5,424.0,437.6,121990.0,-0.0095
2015-12-22,437.6,443.2,433.3,437.0,65790.0,-0.0013
2015-12-23,437.0,444.8,434.3,442.4,63250.0,0.0124
2015-12-24,442.4,460.6,441.8,453.0,79600.0,0.023799999999999998
2015-12-25,453.0,457.4,449.5,454.0,42390.0,0.0024
2015-12-26,454.0,456.5,400.5,415.4,208580.0,-0.0852
2015-12-27,415.4,425.5,406.1,422.4,67580.0,0.0169
2015-12-28,422.4,429.9,417.1,421.8,68350.0,-0.0015
2015-12-29,421.8,433.6,419.3,431.9,70650.0,0.0241
2015-12-30,431.9,435.0,420.8,427.1,68270.0,-0.011000000000000001
2015-12-31,427.1,433.1,417.1,430.0,65209.99999999999,0.0066
2016-01-01,430.0,438.0,425.9,434.0,46970.0,0.009399999999999999
2016-01-02,434.0,437.4,430.7,433.7,33570.0,-0.0006
2016-01-03,433.7,434.1,423.1,430.7,54830.0,-0.006999999999999999
2016-01-04,430.7,435.3,428.6,433.3,53010.0,0.0060999999999999995
2016-01-05,433.3,435.3,428.9,431.2,45030.0,-0.0049
2016-01-06,431.2,432.1,425.0,430.8,43430.0,-0.0009
2016-01-07,430.8,457.5,428.5,457.0,130199.99999999999,0.060899999999999996
2016-01-08,457.0,462.9,446.5,452.9,91310.0,-0.0091
2016-01-09,452.9,454.5,444.9,448.3,39810.0,-0.0101
2016-01-10,448.3,448.9,438.6,446.2,44460.0,-0.004699999999999999
2016-01-11,446.2,451.1,441.8,447.7,56590.0,0.0034000000000000002
2016-01-12,447.7,448.4,443.1,445.0,44590.0,-0.006
2016-01-13,445.0,443.7,420.4,432.2,92040.0,-0.028900000000000002
2016-01-14,432.2,433.7,427.0,429.1,46170.0,-0.0070999999999999995
2016-01-15,429.1,430.1,364.7,372.3,268140.0,-0.1325
2016-01-16,372.3,386.7,350.4,385.0,183960.0,0.034300000000000004
2016-01-17,385.0,390.7,377.7,382.5,66090.0,-0.0067
2016-01-18,382.5,387.3,373.2,384.4,69300.0,0.005
2016-01-19,384.4,386.7,375.9,379.5,66350.0,-0.0129
2016-01-20,379.5,425.7,374.0,414.6,190320.0,0.0926
2016-01-21,414.6,423.4,403.9,410.2,89940.0,-0.0105
2016-01-22,410.2,411.5,374.9,382.6,144860.0,-0.0673
2016-01-23,382.6,395.4,380.3,388.6,61380.0,0.015600000000000001
2016-01-24,388.6,405.4,385.5,402.1,64540.00000000001,0.0348
2016-01-25,402.1,403.8,386.9,392.8,67660.0,-0.0233
2016-01-26,392.8,397.7,387.9,389.8,56810.0,-0.0076
2016-01-27,389.8,397.4,389.4,395.0,43680.0,0.0134
2016-01-28,395.0,395.4,376.7,379.7,77320.0,-0.0388
2016-01-29,379.7,385.8,363.5,380.3,138460.0,0.0016
2016-01-30,380.3,381.8,375.0,377.8,36180.0,-0.0067
2016-01-31,377.8,380.5,366.9,369.8,39020.0,-0.021
2016-02-01,369.8,379.8,365.3,372.2,74350.0,0.0063
2016-02-02,372.2,376.6,371.4,373.9,50980.0,0.004699999999999999
2016-02-03,373.9,375.9,366.2,368.0,59810.0,-0.0158
2016-02-04,368.0,391.8,368.0,390.6,101870.0,0.061500000000000006
2016-02-05,390.6,391.1,384.5,386.5,60920.0,-0.010700000000000001
2016-02-06,386.5,386.4,372.9,376.7,78850.0,-0.0253
2016-02-07,376.7,382.6,375.3,377.9,40740.0,0.0033
2016-02-08,377.9,380.9,372.1,372.6,62240.0,-0.013999999999999999
2016-02-09,372.6,377.6,371.4,375.3,55360.0,0.0072
2016-02-10,375.3,385.4,374.1,381.9,97490.0,0.0175
2016-02-11,381.9,383.2,372.8,379.5,62650.0,-0.0064
2016-02-12,379.5,386.4,379.3,384.0,53760.0,0.0121
2016-02-13,384.0,392.6,383.3,390.1,48160.0,0.0158
2016-02-14,390.1,405.9,390.1,405.5,73590.0,0.0395
2016-02-15,405.5,410.9,396.6,401.1,86130.0,-0.0109
2016-02-16,401.1,409.8,398.0,406.4,68330.0,0.013300000000000001
2016-02-17,406.4,421.5,405.0,417.1,90320.0,0.0264
2016-02-18,417.1,425.5,414.8,421.4,77350.0,0.0102
2016-02-19,421.4,424.3,416.4,420.0,52240.0,-0.0034000000000000002
2016-02-20,420.0,442.7,419.5,440.1,111630.0,0.0478
2016-02-21,440.1,447.6,425.5,437.9,100500.0,-0.005
2016-02-22,437.9,440.2,431.3,437.8,56010.0,-0.0002
2016-02-23,437.8,440.8,414.4,419.9,93720.0,-0.0409
2016-02-24,419.9,425.2,410.4,422.7,66510.0,0.0067
2016-02-25,422.7,427.2,417.5,423.5,53540.0,0.0018
2016-02-26,423.5,427.6,419.1,427.3,53210.0,0.0091
2016-02-27,427.3,434.1,427.3,431.3,42790.0,0.009300000000000001
2016-02-28,431.3,435.6,421.2,432.5,50850.0,0.0027
2016-02-29,432.5,441.3,429.8,436.2,68770.0,0.0086
2016-03-01,436.2,439.0,428.5,434.0,67460.0,-0.005
2016-03-02,434.0,435.9,423.9,425.4,57750.0,-0.02
2016-03-03,425.4,425.8,414.9,419.6,78900.0,-0.013600000000000001
2016-03-04,419.6,423.4,407.2,409.5,75270.0,-0.024
2016-03-05,409.5,410.1,386.9,399.0,129150.0,-0.0256
2016-03-06,399.0,412.0,393.1,406.0,62590.0,0.0174
2016-03-07,406.0,416.6,402.0,414.9,61770.0,0.0219
2016-03-08,414.9,416.7,408.4,411.9,53770.0,-0.0072
2016-03-09,411.9,414.9,408.9,412.8,50920.0,0.0021
2016-03-10,412.8,417.5,410.3,415.8,55740.0,0.0074
2016-03-11,415.8,422.4,415.1,419.1,60630.0,0.0079
2016-03-12,419.1,420.7,407.0,410.4,59640.0,-0.0209
2016-03-13,410.4,415.9,409.6,412.4,34980.0,0.005
2016-03-14,412.4,416.1,411.2,414.3,49330.0,0.0046
2016-03-15,414.3,417.4,412.3,415.1,48600.0,0.002
2016-03-16,415.1,417.0,413.3,415.9,44540.0,0.0019
2016-03-17,415.9,419.6,415.3,418.2,43820.0,0.0054
2016-03-18,418.2,418.6,402.5,408.2,66070.0,-0.0239
2016-03-19,408.2,410.5,402.1,408.7,37000.0,0.0013
2016-03-20,408.7,413.5,407.2,411.5,30540.0,0.0069
2016-03-21,411.5,413.1,407.3,411.1,43160.0,-0.001
2016-03-22,411.1,417.9,410.8,416.2,49080.0,0.0124
2016-03-23,416.2,419.6,414.2,417.0,40610.0,0.0019
2016-03-24,417.0,417.7,412.9,414.7,38830.0,-0.0054
2016-03-25,414.7,417.3,412.4,415.7,34590.0,0.0023
2016-03-26,415.7,417.7,413.9,416.5,28060.0,0.0019
2016-03-27,416.5,427.4,415.5,424.6,61720.0,0.0194
2016-03-28,424.6,425.4,419.7,422.2,43450.0,-0.005600000000000001
2016-03-29,422.2,424.5,406.4,415.0,69110.0,-0.0171
2016-03-30,415.0,416.2,408.4,412.4,43280.0,-0.0062
2016-03-31,412.4,417.2,411.5,415.7,41840.0,0.0078000000000000005
2016-04-01,415.7,416.9,412.8,415.6,38220.0,0.0
2016-04-02,415.6,420.1,415.1,418.5,31310.0,0.0069
2016-04-03,418.5,420.2,417.0,419.1,22800.0,0.0013
2016-04-04,419.1,420.4,416.2,419.3,33440.0,0.0006
2016-04-05,419.3,423.7,418.0,422.1,40890.0,0.006500000000000001
2016-04-06,422.1,422.8,419.5,421.3,32670.0,-0.0019
2016-04-07,421.3,422.0,417.9,420.1,36060.0,-0.0027
2016-04-08,420.1,423.5,415.5,417.7,46950.0,-0.0058
2016-04-09,417.7,418.9,412.4,418.0,29430.0,0.0009
2016-04-10,418.0,421.6,416.7,420.3,23300.0,0.0053
2016-04-11,420.3,422.4,418.1,421.4,36390.0,0.0028000000000000004
2016-04-12,421.4,426.7,420.7,424.7,57710.0,0.0079
2016-04-13,424.7,426.6,421.4,423.5,38090.0,-0.003
2016-04-14,423.5,425.4,421.8,424.0,30660.0,0.0013
2016-04-15,424.0,429.5,423.3,428.7,54120.0,0.011000000000000001
2016-04-16,428.7,432.0,426.8,430.0,29020.0,0.0032
2016-04-17,430.0,430.6,423.8,426.3,25590.0,-0.0088
2016-04-18,426.3,429.1,424.4,427.7,32580.0,0.0034000000000000002
2016-04-19,427.7,436.1,426.8,434.9,45680.0,0.0169
2016-04-20,434.9,442.9,432.5,441.2,74360.0,0.0143
2016-04-21,441.2,450.8,439.5,449.3,63130.0,0.018500000000000003
2016-04-22,449.3,450.2,441.9,445.3,49710.0,-0.009000000000000001
2016-04-23,445.3,451.5,443.1,450.1,42360.0,0.0108
2016-04-24,450.1,461.8,447.9,457.6,74430.0,0.0166
2016-04-25,457.6,466.2,451.8,461.7,81660.0,0.0091
2016-04-26,461.7,468.9,459.2,466.0,67560.0,0.0092
2016-04-27,466.0,467.9,444.6,447.0,90810.0,-0.0408
2016-04-28,447.0,450.1,433.9,448.5,81940.0,0.0033
2016-04-29,448.5,456.3,445.2,455.0,44850.0,0.014499999999999999
2016-04-30,455.0,456.9,446.6,448.5,35310.0,-0.014199999999999999
2016-05-01,448.5,454.2,447.5,452.2,21750.0,0.0083
2016-05-02,452.2,453.9,440.2,444.2,73850.0,-0.0178
2016-05-03,444.2,451.5,441.5,450.3,49750.0,0.0137
2016-05-04,450.3,450.9,444.2,445.8,39440.0,-0.009899999999999999
2016-05-05,445.8,449.2,444.4,448.1,41890.0,0.0051
2016-05-06,448.1,461.5,445.7,459.6,68430.0,0.0256
2016-05-07,459.6,460.6,454.6,458.5,30970.0,-0.0024
2016-05-08,458.5,460.2,454.9,457.9,27600.0,-0.0013
2016-05-09,457.9,464.2,455.4,460.4,48420.0,0.005600000000000001
2016-05-10,460.4,462.1,446.8,449.4,59990.0,-0.0241
2016-05-11,449.4,456.1,449.6,452.5,39970.0,0.006999999999999999
2016-05-12,452.5,455.3,448.4,454.4,49190.0,0.0043
2016-05-13,454.4,457.2,451.5,455.4,32390.0,0.0022
2016-05-14,455.4,457.7,453.6,456.4,20360.0,0.0023
2016-05-15,456.4,460.3,455.0,458.1,21200.0,0.0037
2016-05-16,458.1,459.6,450.7,454.9,36600.0,-0.0070999999999999995
2016-05-17,454.9,456.3,451.7,453.3,34630.0,-0.0036
2016-05-18,453.3,456.6,452.4,454.2,32610.0,0.0021
2016-05-19,454.2,455.2,441.1,442.7,59390.0,-0.0255
2016-05-20,442.7,447.8,435.4,442.1,48430.0,-0.0012
2016-05-21,442.1,445.2,439.7,443.6,23000.0,0.0034999999999999996
2016-05-22,443.6,444.2,436.9,439.6,28740.0,-0.0091
2016-05-23,439.6,445.0,438.2,443.7,35900.0,0.009300000000000001
2016-05-24,443.7,447.9,442.0,446.1,33220.0,0.0055000000000000005
2016-05-25,446.1,451.2,445.4,449.8,37720.0,0.008199999999999999
2016-05-26,449.8,454.3,447.7,453.3,37720.0,0.0078000000000000005
2016-05-27,453.3,479.2,452.7,474.0,135680.0,0.0458
2016-05-28,474.0,531.8,467.0,524.2,150170.0,0.1058
2016-05-29,524.2,548.0,493.2,516.0,152570.0,-0.015600000000000001
2016-05-30,516.0,544.2,512.8,532.3,77530.0,0.031400000000000004
2016-05-31,532.3,546.9,513.2,528.9,114080.0,-0.0063
2016-06-01,528.9,542.3,521.3,537.4,72410.0,0.016
2016-06-02,537.4,541.5,530.5,537.1,52880.0,-0.0006
2016-06-03,537.1,573.7,534.3,567.0,106250.0,0.0557
2016-06-04,567.0,592.7,560.9,572.0,87410.0,0.0087
2016-06-05,572.0,583.6,567.8,574.9,64519.99999999999,0.0052
2016-06-06,574.9,586.7,571.7,583.6,63680.0,0.0151
2016-06-07,583.6,591.3,543.6,575.6,84690.0,-0.0137
2016-06-08,575.6,582.4,567.8,580.5,49600.0,0.0086
2016-06-09,580.5,580.7,569.3,574.7,48610.0,-0.01
2016-06-10,574.7,579.3,571.1,577.9,45500.0,0.005600000000000001
2016-06-11,577.9,592.6,576.3,591.6,42220.0,0.023700000000000002
2016-06-12,591.6,683.8,592.8,666.5,217380.0,0.1267
2016-06-13,666.5,718.2,652.8,700.1,216730.0,0.050300000000000004
2016-06-14,700.1,702.5,654.7,685.1,135650.0,-0.0213
2016-06-15,685.1,695.1,670.5,690.8,78620.0,0.008199999999999999
2016-06-16,690.8,769.7,687.4,761.2,229570.0,0.102
2016-06-17,761.2,771.9,704.2,743.9,215870.0,-0.0227
2016-06-18,743.9,776.0,727.1,753.8,120530.0,0.013300000000000001
2016-06-19,753.8,765.1,740.4,761.0,60450.0,0.0096
2016-06-20,761.0,764.6,717.4,734.0,112290.0,-0.0356
2016-06-21,734.0,732.2,626.0,667.4,248080.0,-0.0907
2016-06-22,667.4,677.8,586.6,590.6,202320.0,-0.1151
2016-06-23,590.6,629.5,539.3,620.8,261740.0,0.0513
2016-06-24,620.8,687.4,616.4,656.9,196690.0,0.0581
2016-06-25,656.9,688.1,640.8,663.5,100460.0,0.0101
2016-06-26,663.5,665.2,609.9,625.4,88930.0,-0.0574
2016-06-27,625.4,650.3,615.2,644.7,99810.0,0.0308
2016-06-28,644.7,659.3,634.3,644.9,76660.0,0.0004
2016-06-29,644.9,645.9,621.8,636.5,80220.0,-0.0129
2016-06-30,636.5,673.0,631.2,670.0,88200.0,0.0526
2016-07-01,670.0,685.1,661.1,674.6,92230.0,0.0068000000000000005
2016-07-02,674.6,700.5,671.5,698.1,67380.0,0.0348
2016-07-03,698.1,701.5,644.6,661.6,99270.0,-0.052199999999999996
2016-07-04,661.6,679.0,644.0,675.2,63910.0,0.0204
2016-07-05,675.2,679.2,657.3,663.7,54640.0,-0.017
2016-07-06,663.7,678.4,662.2,672.7,47050.0,0.013600000000000001
2016-07-07,672.7,676.2,605.0,635.3,153610.0,-0.0557
2016-07-08,635.3,663.4,630.2,662.8,75890.0,0.0433
2016-07-09,662.8,663.5,620.7,651.8,96010.0,-0.0165
2016-07-10,651.8,652.0,636.8,647.1,29260.0,-0.0072
2016-07-11,647.1,657.5,640.0,646.7,45940.0,-0.0006
2016-07-12,646.7,673.2,644.6,670.6,66590.0,0.0369
2016-07-13,670.6,672.0,656.0,661.2,62960.0,-0.013999999999999999
2016-07-14,661.2,661.9,646.3,657.3,48200.0,-0.0059
2016-07-15,657.3,667.5,656.5,664.2,35830.0,0.0106
2016-07-16,664.2,665.4,655.7,660.7,20390.0,-0.0053
2016-07-17,660.7,680.9,660.1,676.3,46840.0,0.023700000000000002
2016-07-18,676.3,680.4,664.6,670.4,42580.0,-0.0088
2016-07-19,670.4,673.2,663.6,671.1,30400.0,0.0011
2016-07-20,671.1,672.3,659.5,664.4,37560.0,-0.01
2016-07-21,664.4,666.5,657.8,664.6,32170.0,0.0003
2016-07-22,664.6,669.4,645.7,651.1,65900.0,-0.0203
2016-07-23,651.1,658.2,648.0,655.2,29890.0,0.0062
2016-07-24,655.2,664.2,651.0,659.3,29820.0,0.0063
2016-07-25,659.3,662.5,651.1,654.0,34380.0,-0.008
2016-07-26,654.0,657.8,643.5,654.4,49390.0,0.0006
2016-07-27,654.4,659.1,646.0,654.5,29890.0,0.0002
2016-07-28,654.5,658.0,650.8,654.1,28110.0,-0.0006
2016-07-29,654.1,657.4,651.0,655.4,27040.0,0.002
2016-07-30,655.4,657.5,652.1,654.7,19350.0,-0.0011
2016-07-31,654.7,654.9,621.4,621.9,62890.0,-0.050199999999999995
2016-08-01,621.9,627.9,603.5,607.0,66660.0,-0.0239
2016-08-02,607.0,613.8,471.4,513.4,130910.0,-0.1542
2016-08-03,513.4,573.1,514.1,566.4,85930.0,0.1032
2016-08-04,566.4,584.9,559.5,576.2,44820.0,0.0173
2016-08-05,576.2,580.0,565.8,574.7,27890.0,-0.0027
2016-08-06,574.7,596.7,565.3,586.5,25380.0,0.020499999999999997
2016-08-07,586.5,596.0,580.9,590.8,26200.0,0.0075
2016-08-08,590.8,594.2,585.4,589.2,24880.0,-0.0027
2016-08-09,589.2,591.2,581.1,585.3,25970.0,-0.0068000000000000005
2016-08-10,585.3,600.5,580.9,590.9,49570.0,0.0097
2016-08-11,590.9,599.2,585.4,587.8,39830.0,-0.0052
2016-08-12,587.8,591.1,582.2,587.1,25500.0,-0.0012
2016-08-13,587.1,590.1,582.8,584.6,19300.0,-0.0043
2016-08-14,584.6,585.8,559.9,569.1,33070.0,-0.026600000000000002
2016-08-15,569.1,575.0,559.3,567.0,33770.0,-0.0037
2016-08-16,567.0,583.4,563.4,580.2,37690.0,0.023399999999999997
2016-08-17,580.2,581.1,568.7,572.3,32759.999999999996,-0.013500000000000002
2016-08-18,572.3,579.5,570.8,573.4,30390.0,0.0018
2016-08-19,573.4,577.9,566.3,574.6,25530.0,0.002
2016-08-20,574.6,583.5,572.3,582.6,23120.0,0.013999999999999999
2016-08-21,582.6,585.3,577.8,580.7,14160.0,-0.0033
2016-08-22,580.7,591.9,577.1,587.5,33560.0,0.011699999999999999
2016-08-23,587.5,589.9,578.6,583.6,32080.0,-0.0067
2016-08-24,583.6,584.5,576.8,579.7,28060.0,-0.0067
2016-08-25,579.7,580.7,570.8,578.0,32729.999999999996,-0.0029
2016-08-26,578.0,582.7,575.8,579.4,21170.0,0.0024
2016-08-27,579.4,580.4,567.3,570.3,18690.0,-0.015600000000000001
2016-08-28,570.3,576.3,569.2,575.0,12830.0,0.008100000000000001
2016-08-29,575.0,578.6,571.4,574.2,23860.0,-0.0013
2016-08-30,574.2,579.9,572.5,577.3,27480.0,0.0054
2016-08-31,577.3,578.3,571.7,573.9,24930.0,-0.006
2016-09-01,573.9,705.0,569.4,572.0,25870.0,-0.0033
2016-09-02,572.0,577.6,569.3,575.3,26610.0,0.0058
2016-09-03,575.3,605.0,572.6,598.8,35700.0,0.0409
2016-09-04,598.8,615.2,590.8,609.5,30690.0,0.0179
2016-09-05,609.5,610.6,598.8,605.8,25290.0,-0.0062
2016-09-06,605.8,612.0,603.5,610.4,24330.0,0.0077
2016-09-07,610.4,616.5,606.2,613.2,30030.0,0.0045000000000000005
2016-09-08,613.2,629.3,611.3,625.6,36330.0,0.0202
2016-09-09,625.6,627.6,617.3,623.2,28330.0,-0.0039000000000000003
2016-09-10,623.2,627.5,621.1,624.5,15280.0,0.0022
2016-09-11,624.5,630.8,592.8,605.6,36540.0,-0.030299999999999997
2016-09-12,605.6,610.6,603.0,608.0,27950.0,0.0039000000000000003
2016-09-13,608.0,612.0,604.9,608.6,27520.0,0.001
2016-09-14,608.6,612.2,606.4,609.5,24240.0,0.0015
2016-09-15,609.5,610.7,605.1,608.1,22690.0,-0.0023
2016-09-16,608.1,610.4,605.2,607.8,21850.0,-0.0005
2016-09-17,607.8,609.6,604.5,607.1,15890.0,-0.0012
2016-09-18,607.1,612.4,605.2,610.7,16329.999999999998,0.006
2016-09-19,610.7,612.4,607.0,609.8,21240.0,-0.0014000000000000002
2016-09-20,609.8,611.3,605.9,609.2,22610.0,-0.001
2016-09-21,609.2,608.8,591.7,597.2,36860.0,-0.019799999999999998
2016-09-22,597.2,599.8,592.8,595.6,22440.0,-0.0026
2016-09-23,595.6,603.7,594.1,602.9,25920.0,0.012199999999999999
2016-09-24,602.9,605.9,600.5,602.6,13470.0,-0.0005
2016-09-25,602.6,604.9,598.3,601.5,13280.0,-0.0018
2016-09-26,601.5,608.5,598.2,606.5,27510.0,0.0084
2016-09-27,606.5,609.0,601.7,605.5,25550.0,-0.0018
2016-09-28,605.5,606.9,602.6,604.7,18940.0,-0.0013
2016-09-29,604.7,607.2,602.0,604.7,25320.0,0.0
2016-09-30,604.7,608.8,602.3,608.1,23950.0,0.005699999999999999
2016-10-01,608.1,615.0,607.1,613.4,16930.0,0.0087
2016-10-02,613.4,614.2,607.7,610.7,16540.0,-0.0044
2016-10-03,610.7,613.2,608.5,611.6,21950.0,0.0015
2016-10-04,611.6,612.7,606.5,609.0,24990.0,-0.0043
2016-10-05,609.0,613.7,608.0,611.8,23400.0,0.004699999999999999
2016-10-06,611.8,612.7,608.5,611.0,21630.0,-0.0014000000000000002
2016-10-07,611.0,619.4,609.1,616.0,32729.999999999996,0.0083
2016-10-08,616.0,619.6,614.9,617.7,13620.0,0.0026
2016-10-09,617.7,618.3,613.0,615.8,13430.0,-0.003
2016-10-10,615.8,618.8,612.8,617.3,25230.0,0.0025
2016-10-11,617.3,642.3,615.6,640.5,55770.0,0.0375
2016-10-12,640.5,642.5,632.2,636.0,26950.0,-0.006999999999999999
2016-10-13,636.0,639.5,632.3,635.6,25620.0,-0.0006
2016-10-14,635.6,640.5,630.7,637.9,31420.0,0.0037
2016-10-15,637.9,641.4,635.1,637.0,12380.0,-0.0014000000000000002
2016-10-16,637.0,642.2,636.4,640.1,12890.0,0.0049
2016-10-17,640.1,641.3,634.9,637.4,27690.0,-0.0043
2016-10-18,637.4,639.3,632.2,635.3,24600.0,-0.0032
2016-10-19,635.3,637.3,624.1,629.1,35290.0,-0.009899999999999999
2016-10-20,629.1,630.8,625.5,628.3,20940.0,-0.0011
2016-10-21,628.3,633.3,627.6,630.5,28090.0,0.0034000000000000002
2016-10-22,630.5,659.9,629.7,655.5,37100.0,0.0397
2016-10-23,655.5,661.2,648.8,653.0,21910.0,-0.0037
2016-10-24,653.0,654.3,645.7,650.5,33240.0,-0.0039000000000000003
2016-10-25,650.5,662.5,647.7,651.0,36740.0,0.0008
2016-10-26,651.0,678.4,651.4,674.7,47670.0,0.0364
2016-10-27,674.7,687.9,672.3,682.3,46560.0,0.0113
2016-10-28,682.3,688.4,678.6,686.2,38970.0,0.0058
2016-10-29,686.2,720.2,685.2,715.0,54030.0,0.0418
2016-10-30,715.0,714.9,689.5,697.3,39330.0,-0.024700000000000003
2016-10-31,697.3,707.2,682.2,698.7,38050.0,0.002
2016-11-01,698.7,734.4,695.2,726.8,68070.0,0.04019999999999999
2016-11-02,726.8,735.8,718.1,733.5,39040.0,0.009300000000000001
2016-11-03,733.5,744.4,670.4,684.9,96410.0,-0.0663
2016-11-04,684.9,706.6,681.3,702.1,48240.0,0.025099999999999997
2016-11-05,702.1,706.4,694.0,702.1,22020.0,0.0
2016-11-06,702.1,714.1,697.6,709.9,25810.0,0.0111
2016-11-07,709.9,711.7,698.3,705.4,30740.0,-0.0064
2016-11-08,705.4,714.6,701.0,710.9,39730.0,0.0078000000000000005
2016-11-09,710.9,741.2,707.1,721.4,70700.0,0.0148
2016-11-10,721.4,723.0,707.3,714.6,33330.0,-0.0095
2016-11-11,714.6,719.8,711.7,715.0,25580.0,0.0006
2016-11-12,715.0,717.4,701.1,704.3,27600.0,-0.015
2016-11-13,704.3,705.6,685.0,702.0,36140.0,-0.0033
2016-11-14,702.0,708.0,696.1,704.6,37750.0,0.0037
2016-11-15,704.6,716.9,697.9,711.1,41400.0,0.009300000000000001
2016-11-16,711.1,746.0,708.1,740.3,79570.0,0.040999999999999995
2016-11-17,740.3,751.9,730.1,737.5,62770.0,-0.0037
2016-11-18,737.5,751.4,731.0,747.0,39710.0,0.0128
2016-11-19,747.0,755.3,737.4,747.9,25630.0,0.0012
2016-11-20,747.9,752.3,712.8,728.5,47420.0,-0.0259
2016-11-21,728.5,744.3,726.5,736.2,32509.999999999996,0.0105
2016-11-22,736.2,754.0,730.6,749.3,44440.0,0.0179
2016-11-23,749.3,750.9,731.3,741.1,37870.0,-0.011000000000000001
2016-11-24,741.1,744.2,726.2,735.3,37240.0,-0.0078000000000000005
2016-11-25,735.3,741.3,729.0,740.4,28850.0,0.0069
2016-11-26,740.4,741.0,725.6,734.1,22580.0,-0.0084
2016-11-27,734.1,738.3,727.1,729.4,21350.0,-0.0064
2016-11-28,729.4,738.1,727.7,733.3,34120.0,0.0053
2016-11-29,733.3,737.0,727.8,732.6,32570.0,-0.001
2016-11-30,732.6,745.4,730.6,742.5,39280.0,0.013600000000000001
2016-12-01,742.5,755.5,741.1,752.6,54030.0,0.0137
2016-12-02,752.6,779.0,752.3,770.9,63220.0,0.024300000000000002
2016-12-03,770.9,772.3,755.8,764.2,38450.0,-0.0087
2016-12-04,764.2,769.2,758.8,766.4,19160.0,0.0028000000000000004
2016-12-05,766.4,769.2,746.0,754.3,51170.0,-0.015700000000000002
2016-12-06,754.3,762.5,750.9,758.2,33430.0,0.0051
2016-12-07,758.2,769.0,754.3,765.6,34870.0,0.0097
2016-12-08,765.6,773.4,761.2,768.5,28780.0,0.0038
2016-12-09,768.5,773.5,765.0,770.5,24180.0,0.0026
2016-12-10,770.5,777.0,769.2,774.0,18020.0,0.0046
2016-12-11,774.0,774.2,763.0,767.9,17140.0,-0.0079
2016-12-12,767.9,781.3,767.9,778.5,28760.0,0.0138
2016-12-13,778.5,790.3,767.8,778.7,33110.0,0.0003
2016-12-14,778.7,780.8,771.0,776.5,24780.0,-0.0029
2016-12-15,776.5,780.3,773.1,775.2,26220.0,-0.0017000000000000001
2016-12-16,775.2,783.9,773.3,782.0,27610.0,0.0088
2016-12-17,782.0,791.6,779.4,787.2,23580.0,0.006500000000000001
2016-12-18,787.2,791.3,783.8,789.0,14530.0,0.0023
2016-12-19,789.0,793.7,786.3,789.8,25460.0,0.001
2016-12-20,789.8,800.0,787.1,799.1,34480.0,0.0118
2016-12-21,799.1,833.1,796.0,829.2,65290.00000000001,0.0377
2016-12-22,829.2,874.7,828.9,860.2,70560.0,0.0373
2016-12-23,860.2,920.3,858.0,917.2,102220.0,0.0663
2016-12-24,917.2,920.5,880.8,891.1,46030.0,-0.0285
2016-12-25,891.1,895.2,851.4,891.1,42480.0,0.0
2016-12-26,891.1,909.3,885.9,898.4,38790.0,0.008199999999999999
2016-12-27,898.4,937.9,893.4,925.8,49690.0,0.0305
2016-12-28,925.8,974.5,925.5,972.2,77290.0,0.0501
2016-12-29,972.2,982.6,949.2,971.1,61130.0,-0.0011
2016-12-30,971.1,971.6,927.4,959.0,70840.0,-0.0124
2016-12-31,959.0,965.5,942.4,963.4,27560.0,0.0045000000000000005
2017-01-01,963.4,1001.6,956.1,995.4,41150.0,0.0333
2017-01-02,995.4,1031.7,990.2,1017.0,64950.0,0.0217
2017-01-03,1017.0,1035.5,1006.5,1033.3,54790.0,0.016
2017-01-04,1033.3,1148.5,1022.3,1135.4,156270.0,0.09880000000000001
2017-01-05,1135.4,1150.6,874.5,989.3,240010.0,-0.1286
2017-01-06,989.3,1027.4,852.5,886.2,194290.0,-0.1043
2017-01-07,886.2,900.9,806.7,888.9,130660.0,0.0031
2017-01-08,888.9,936.1,875.8,900.9,76910.0,0.013500000000000002
2017-01-09,900.9,910.5,870.9,899.8,62580.0,-0.0012
2017-01-10,899.8,911.3,890.1,904.4,53710.0,0.0051
2017-01-11,904.4,917.7,751.6,785.4,194440.0,-0.1315
2017-01-12,785.4,828.2,739.5,810.1,120240.0,0.031400000000000004
2017-01-13,810.1,835.0,771.0,824.8,89860.0,0.0182
2017-01-14,824.8,838.9,808.3,819.6,44210.0,-0.0063
2017-01-15,819.6,826.4,808.6,821.2,24400.0,0.0019
2017-01-16,821.2,836.7,817.7,827.3,33220.0,0.0075
2017-01-17,827.3,906.4,825.0,899.7,82210.0,0.0874
2017-01-18,899.7,913.7,845.9,872.0,69260.0,-0.030699999999999998
2017-01-19,872.0,905.3,870.7,895.2,58440.0,0.026600000000000002
2017-01-20,895.2,901.5,878.9,892.9,38870.0,-0.0026
2017-01-21,892.9,928.9,889.5,919.8,40380.0,0.0302
2017-01-22,919.8,938.4,888.6,918.8,47930.0,-0.0011
2017-01-23,918.8,928.0,910.8,921.5,32740.000000000004,0.0029
2017-01-24,921.5,925.6,889.2,893.8,58870.0,-0.0301
2017-01-25,893.8,905.7,883.6,894.4,37900.0,0.0007000000000000001
2017-01-26,894.4,919.3,893.5,915.6,33800.0,0.0236
2017-01-27,915.6,922.6,907.9,918.0,30970.0,0.0027
2017-01-28,918.0,921.9,912.8,918.5,14310.0,0.0005
2017-01-29,918.5,922.4,912.7,914.5,11050.0,-0.0043
2017-01-30,914.5,922.3,911.5,920.7,19060.0,0.0068000000000000005
2017-01-31,920.7,967.5,917.4,965.5,54670.0,0.048600000000000004
2017-02-01,965.5,986.6,959.8,982.4,45220.0,0.0175
2017-02-02,982.4,1009.1,973.5,1004.0,50860.0,0.0219
2017-02-03,1004.0,1023.7,989.2,1013.0,61670.0,0.009000000000000001
2017-02-04,1013.0,1041.0,1000.4,1031.8,39460.0,0.018600000000000002
2017-02-05,1031.8,1033.7,1004.0,1016.1,31060.0,-0.015300000000000001
2017-02-06,1016.1,1030.6,1010.8,1024.7,32020.000000000004,0.0084
2017-02-07,1024.7,1054.1,1019.9,1049.6,39550.0,0.024300000000000002
2017-02-08,1049.6,1069.2,1020.3,1055.5,65150.00000000001,0.005600000000000001
2017-02-09,1055.5,1073.0,924.7,979.0,146750.0,-0.0725
2017-02-10,979.0,1005.6,947.0,997.6,62130.0,0.0191
2017-02-11,997.6,1014.3,983.9,1008.3,28320.0,0.010700000000000001
2017-02-12,1008.3,1007.8,992.5,996.5,14750.0,-0.011699999999999999
2017-02-13,996.5,1007.6,975.1,995.4,32910.0,-0.0012
2017-02-14,995.4,1013.8,986.5,1008.3,39540.0,0.013000000000000001
2017-02-15,1008.3,1010.9,999.7,1008.2,23360.0,-0.0001
2017-02-16,1008.2,1040.3,1007.4,1031.9,38080.0,0.0235
2017-02-17,1031.9,1057.4,1025.9,1049.4,45710.0,0.0169
2017-02-18,1049.4,1063.2,1044.7,1052.3,25360.0,0.0027
2017-02-19,1052.3,1056.5,1037.7,1048.9,17950.0,-0.0032
2017-02-20,1048.9,1081.8,1041.0,1077.6,31010.0,0.0273
2017-02-21,1077.6,1123.0,1073.5,1119.0,57050.0,0.0385
2017-02-22,1119.0,1132.3,1094.8,1120.5,47910.0,0.0013
2017-02-23,1120.5,1181.6,1113.5,1171.9,65740.0,0.045899999999999996
2017-02-24,1171.9,1211.7,1092.4,1176.5,108170.0,0.0039000000000000003
2017-02-25,1176.5,1180.0,1116.2,1149.1,45860.0,-0.0233
2017-02-26,1149.1,1177.5,1130.6,1171.6,30770.0,0.0196
2017-02-27,1171.6,1195.8,1164.3,1188.8,35470.0,0.0147
2017-02-28,1188.8,1208.2,1175.8,1189.3,50580.0,0.0004
2017-03-01,1189.3,1225.0,1154.6,1222.7,51150.0,0.0281
2017-03-02,1222.7,1287.0,1212.0,1255.5,78490.0,0.0268
2017-03-03,1255.5,1291.3,1250.8,1283.3,67280.0,0.0222
2017-03-04,1283.3,1285.8,1228.7,1264.3,38420.0,-0.0148
2017-03-05,1264.3,1273.3,1242.1,1271.2,25430.0,0.0055000000000000005
2017-03-06,1271.2,1280.6,1261.0,1277.0,31030.0,0.0046
2017-03-07,1277.0,1280.9,1148.7,1232.7,87720.0,-0.0347
2017-03-08,1232.7,1242.0,1136.9,1147.0,97880.0,-0.0695
2017-03-09,1147.0,1207.0,1129.3,1191.3,59860.0,0.0387
2017-03-10,1191.3,1330.4,988.7,1112.4,190470.0,-0.0663
2017-03-11,1112.4,1202.7,1104.8,1179.2,70750.0,0.0601
2017-03-12,1179.2,1235.5,1160.9,1225.1,44410.0,0.038900000000000004
2017-03-13,1225.1,1245.6,1205.6,1238.2,60460.0,0.010700000000000001
2017-03-14,1238.2,1255.5,1218.4,1243.1,45140.0,0.004
2017-03-15,1243.1,1256.9,1236.4,1253.4,43590.0,0.0083
2017-03-16,1253.4,1260.2,1119.0,1172.9,132770.0,-0.0643
2017-03-17,1172.9,1174.9,1063.5,1071.7,163740.0,-0.0863
2017-03-18,1071.7,1103.6,940.2,971.4,210420.0,-0.09359999999999999
2017-03-19,971.4,1063.7,967.3,1022.6,106450.0,0.0527
2017-03-20,1022.6,1057.5,1005.0,1047.5,61430.0,0.024399999999999998
2017-03-21,1047.5,1125.5,1043.9,1121.3,92590.0,0.0704
2017-03-22,1121.3,1121.9,997.8,1044.7,115290.0,-0.0683
2017-03-23,1044.7,1062.8,1022.0,1035.0,56520.0,-0.009300000000000001
2017-03-24,1035.0,1038.4,927.3,939.7,132600.0,-0.09210000000000002
2017-03-25,939.7,996.0,890.4,966.3,127050.0,0.028300000000000002
2017-03-26,966.3,1004.3,946.7,969.4,85330.0,0.0032
2017-03-27,969.4,1048.8,961.8,1045.1,91260.0,0.0781
2017-03-28,1045.1,1068.4,1015.5,1044.4,80000.0,-0.0007000000000000001
2017-03-29,1044.4,1058.7,1008.3,1041.9,68850.0,-0.0024
2017-03-30,1041.9,1052.7,1020.9,1037.9,74990.0,-0.0038
2017-03-31,1037.9,1088.2,1035.2,1079.1,90990.0,0.0397
2017-04-01,1079.1,1103.7,1067.5,1086.1,50660.0,0.006500000000000001
2017-04-02,1086.1,1109.5,1074.2,1097.4,70980.0,0.0104
2017-04-03,1097.4,1157.9,1095.6,1147.6,98500.0,0.045700000000000005
2017-04-04,1147.6,1161.2,1122.2,1141.8,71000.0,-0.005
2017-04-05,1141.8,1143.8,1110.1,1129.9,69470.0,-0.0104
2017-04-06,1129.9,1201.6,1130.5,1188.7,92360.0,0.0521
2017-04-07,1188.7,1201.2,1173.2,1190.5,59750.0,0.0015
2017-04-08,1190.5,1198.2,1166.7,1180.8,33180.0,-0.008199999999999999
2017-04-09,1180.8,1215.1,1174.0,1204.3,45350.0,0.02
2017-04-10,1204.3,1214.9,1194.8,1206.7,40010.0,0.002
2017-04-11,1206.7,1229.6,1195.8,1220.7,37400.0,0.0116
2017-04-12,1220.7,1225.5,1207.4,1212.5,44780.0,-0.0067
2017-04-13,1212.5,1218.7,1150.3,1176.2,66050.0,-0.03
2017-04-14,1176.2,1195.4,1162.2,1177.3,47220.0,0.001
2017-04-15,1177.3,1194.8,841.5,1177.0,28390.0,-0.0003
2017-04-16,1177.0,1188.0,1166.7,1176.8,18930.0,-0.0002
2017-04-17,1176.8,1203.0,1172.8,1194.0,46480.0,0.0146
2017-04-18,1194.0,1213.9,1191.1,1206.1,52750.0,0.0101
2017-04-19,1206.1,1218.2,1194.1,1215.2,43350.0,0.0076
2017-04-20,1215.2,1246.6,1210.7,1238.1,55200.0,0.018799999999999997
2017-04-21,1238.1,1257.0,1235.6,1249.6,41340.0,0.009300000000000001
2017-04-22,1249.6,1257.0,1215.8,1240.9,43820.0,-0.006999999999999999
2017-04-23,1240.9,1256.2,1223.1,1249.1,42610.0,0.0066
2017-04-24,1249.1,1256.4,1234.9,1248.2,38540.0,-0.0008
2017-04-25,1248.2,1272.6,1244.2,1264.3,43890.0,0.0129
2017-04-26,1264.3,1309.2,1263.0,1286.6,58910.0,0.0177
2017-04-27,1286.6,1346.8,1285.3,1332.9,61770.0,0.036000000000000004
2017-04-28,1332.9,1356.2,1287.6,1329.6,77570.0,-0.0025
2017-04-29,1329.6,1343.7,1314.2,1336.3,40970.0,0.005
2017-04-30,1336.3,1358.9,1309.7,1351.9,40640.0,0.011699999999999999
2017-05-01,1351.9,1448.7,1342.8,1415.8,100440.0,0.0473
2017-05-02,1415.8,1471.1,1394.8,1445.9,70010.0,0.0213
2017-05-03,1445.9,1496.4,1424.1,1485.6,81720.0,0.0274
2017-05-04,1485.6,1609.8,1437.1,1516.8,136710.0,0.021
2017-05-05,1516.8,1588.1,1485.0,1507.8,120380.0,-0.0059
2017-05-06,1507.8,1560.4,1503.9,1545.3,59600.0,0.024900000000000002
2017-05-07,1545.3,1572.9,1495.2,1554.4,71360.0,0.0059
2017-05-08,1554.4,1667.7,1552.9,1664.5,107230.0,0.0708
2017-05-09,1664.5,1757.4,1620.0,1697.5,127230.0,0.019799999999999998
2017-05-10,1697.5,1766.2,1665.0,1752.3,89680.0,0.0323
2017-05-11,1752.3,1864.8,1741.5,1819.3,109010.0,0.0382
2017-05-12,1819.3,1822.5,1641.2,1686.4,109340.0,-0.0731
2017-05-13,1686.4,1770.5,1594.6,1763.7,75470.0,0.045899999999999996
2017-05-14,1763.7,1802.8,1736.1,1772.6,40640.0,0.005
2017-05-15,1772.6,1776.7,1656.8,1708.9,80240.0,-0.0359
2017-05-16,1708.9,1752.6,1653.7,1729.3,75540.0,0.011899999999999999
2017-05-17,1729.3,1842.8,1704.0,1801.3,94620.0,0.0416
2017-05-18,1801.3,1980.5,1791.1,1881.0,73100.0,0.044199999999999996
2017-05-19,1881.0,1969.7,1875.3,1962.0,98760.0,0.0431
2017-05-20,1962.0,2048.4,1944.4,2040.2,89860.0,0.0398
2017-05-21,2040.2,2094.9,1980.1,2044.2,78780.0,0.002
2017-05-22,2044.2,2264.8,1998.6,2124.4,174380.0,0.0392
2017-05-23,2124.4,2286.3,2110.8,2272.6,114180.0,0.0697
2017-05-24,2272.6,2497.0,2263.3,2445.3,149260.0,0.076
2017-05-25,2445.3,2781.8,2210.5,2307.2,248440.0,-0.0565
2017-05-26,2307.0,2616.5,2051.4,2244.9,191490.0,-0.027000000000000003
2017-05-27,2244.9,2322.4,1868.6,2052.4,222950.0,-0.0857
2017-05-28,2052.4,2300.5,2051.1,2189.0,125000.0,0.0666
2017-05-29,2189.0,2337.4,2117.3,2278.2,92240.0,0.0407
2017-05-30,2278.2,2329.3,2147.1,2192.6,120960.0,-0.037599999999999995
2017-05-31,2192.6,2330.6,2168.4,2303.3,117750.0,0.050499999999999996
2017-06-01,2303.3,2460.8,2303.3,2412.6,122700.0,0.0475
2017-06-02,2412.6,2494.0,2385.6,2492.6,83030.0,0.0331
2017-06-03,2492.6,2582.8,2449.9,2545.4,70960.0,0.0212
2017-06-04,2545.4,2559.8,2478.2,2524.1,59480.0,-0.0084
2017-06-05,2524.1,2705.4,2523.9,2705.0,86690.0,0.0717
2017-06-06,2705.0,2931.2,2699.7,2870.5,192230.0,0.061200000000000004
2017-06-07,2870.5,2880.9,2626.6,2691.5,122680.0,-0.062400000000000004
2017-06-08,2691.5,2808.4,2623.6,2798.8,95420.0,0.039900000000000005
2017-06-09,2798.8,2852.1,2786.1,2811.4,67050.0,0.0045000000000000005
2017-06-10,2811.4,2914.2,2807.4,2900.3,86520.0,0.0316
2017-06-11,2900.3,2977.9,2867.3,2973.4,83030.0,0.0252
2017-06-12,2973.4,2985.1,2483.6,2656.8,217960.0,-0.1065
2017-06-13,2656.8,2784.8,2647.4,2713.0,116740.0,0.0212
2017-06-14,2713.0,2803.7,2349.0,2467.3,174190.0,-0.0906
2017-06-15,2467.3,2521.6,2125.6,2442.5,262790.0,-0.0101
2017-06-16,2442.5,2536.4,2335.3,2508.6,117210.0,0.0271
2017-06-17,2508.6,2690.7,2454.8,2655.1,95950.0,0.0584
2017-06-18,2655.1,2676.0,2488.6,2539.6,92000.0,-0.0435
2017-06-19,2539.6,2617.8,2518.8,2616.8,81830.0,0.0304
2017-06-20,2616.8,2800.5,2614.0,2754.4,111300.0,0.0526
2017-06-21,2754.4,2804.4,2624.4,2677.6,116030.0,-0.0279
2017-06-22,2677.6,2757.3,2623.2,2722.8,78300.0,0.0169
2017-06-23,2722.8,2759.7,2699.5,2710.4,56940.0,-0.0046
2017-06-24,2710.4,2741.6,2540.4,2590.1,86960.0,-0.0444
2017-06-25,2590.1,2660.7,2472.4,2541.6,86970.0,-0.0187
2017-06-26,2541.6,2584.8,2327.3,2446.1,165830.0,-0.037599999999999995
2017-06-27,2446.1,2585.1,2309.6,2583.8,159260.0,0.056299999999999996
2017-06-28,2583.8,2616.9,2490.1,2577.7,110420.0,-0.0023
2017-06-29,2577.7,2605.9,2526.5,2558.4,75320.0,-0.0075
2017-06-30,2558.4,2576.3,2469.5,2480.6,73000.0,-0.0304
2017-07-01,2480.6,2529.6,2387.5,2424.6,66320.0,-0.0226
2017-07-02,2424.6,2555.3,2375.9,2536.5,67760.0,0.0461
2017-07-03,2536.5,2617.5,2506.3,2572.5,83420.0,0.014199999999999999
2017-07-04,2572.5,2658.7,2570.0,2617.3,80680.0,0.0174
2017-07-05,2617.3,2642.7,2562.0,2627.9,89720.0,0.004
2017-07-06,2627.9,2634.8,2581.8,2614.2,60160.0,-0.0052
2017-07-07,2614.2,2617.5,2484.7,2513.9,90450.0,-0.0384
2017-07-08,2513.9,2568.7,2480.6,2564.9,54510.0,0.0203
2017-07-09,2564.9,2576.7,2509.6,2511.4,39160.0,-0.0208
2017-07-10,2511.4,2530.3,2271.8,2344.0,123800.0,-0.0667
2017-07-11,2344.0,2412.8,2265.5,2324.3,146630.0,-0.0084
2017-07-12,2324.3,2424.8,2262.1,2403.1,109520.0,0.0339
2017-07-13,2403.1,2436.7,2335.0,2362.4,88170.0,-0.0169
2017-07-14,2362.4,2370.5,2165.4,2234.2,114410.0,-0.054299999999999994
2017-07-15,2234.2,2237.1,1974.0,1975.1,155320.0,-0.11599999999999999
2017-07-16,1975.1,2044.4,1809.0,1914.1,189640.0,-0.030899999999999997
2017-07-17,1914.1,2233.8,1913.8,2233.4,176890.0,0.1668
2017-07-18,2233.4,2400.7,2164.6,2320.2,202620.0,0.038900000000000004
2017-07-19,2320.2,2412.4,2243.1,2282.6,154320.0,-0.016200000000000003
2017-07-20,2282.6,2932.8,2282.1,2866.0,310340.0,0.2556
2017-07-21,2866.0,2874.0,2622.5,2675.1,193760.0,-0.0666
2017-07-22,2675.1,2876.7,2658.6,2836.5,121920.0,0.0604
2017-07-23,2836.5,2856.7,2675.6,2756.6,108230.0,-0.0282
2017-07-24,2756.6,2798.9,2715.7,2763.4,83010.0,0.0025
2017-07-25,2763.4,2779.1,2472.6,2582.6,205880.0,-0.0654
2017-07-26,2582.6,2631.7,2441.5,2559.2,135500.0,-0.009000000000000001
2017-07-27,2559.2,2712.9,2547.7,2691.9,103830.0,0.0518
2017-07-28,2691.9,2843.8,2683.6,2806.8,138910.0,0.042699999999999995
2017-07-29,2806.8,2812.1,2699.4,2733.5,84490.0,-0.026099999999999998
2017-07-30,2733.5,2773.1,2621.7,2766.5,82720.0,0.0121
2017-07-31,2766.5,2916.3,2723.1,2883.3,91120.0,0.042199999999999994
2017-08-01,2883.3,2946.0,2659.6,2747.0,123170.0,-0.0473
2017-08-02,2747.0,2773.8,2668.9,2720.5,81820.0,-0.0096
2017-08-03,2720.5,2822.9,2717.6,2810.0,68100.0,0.0329
2017-08-04,2810.0,2892.7,2779.5,2878.5,68760.0,0.024399999999999998
2017-08-05,2878.5,3344.0,2875.9,3262.8,159400.0,0.1335
2017-08-06,3262.8,3295.1,3166.5,3232.0,60660.0,-0.009399999999999999
2017-08-07,3232.0,3425.1,3198.5,3401.9,88110.0,0.0526
2017-08-08,3401.9,3494.9,3357.1,3429.4,106940.0,0.008100000000000001
2017-08-09,3429.4,3437.1,3251.0,3348.8,97060.0,-0.0235
2017-08-10,3348.8,3453.8,3322.9,3425.7,71000.0,0.023
2017-08-11,3425.7,3706.5,3409.8,3654.4,97560.0,0.0668
2017-08-12,3654.4,3967.3,3611.4,3871.6,123590.0,0.0594
2017-08-13,3871.6,4189.4,3847.3,4062.6,158590.0,0.0493
2017-08-14,4062.6,4336.7,3978.9,4327.9,128460.00000000001,0.0653
2017-08-15,4327.9,4436.5,3837.1,4161.7,211580.0,-0.0384
2017-08-16,4161.7,4398.1,3938.6,4387.4,112900.0,0.0542
2017-08-17,4387.4,4487.5,4194.1,4278.9,127480.0,-0.024700000000000003
2017-08-18,4278.9,4362.7,3978.3,4105.4,144400.0,-0.0406
2017-08-19,4105.4,4189.7,3957.5,4150.5,113720.0,0.011000000000000001
2017-08-20,4150.5,4182.3,4034.4,4066.6,70160.0,-0.0202
2017-08-21,4066.6,4097.3,3966.9,4005.1,90650.0,-0.0151
2017-08-22,4005.1,4142.7,3612.2,4089.7,169140.0,0.021099999999999997
2017-08-23,4089.7,4255.6,4070.5,4141.1,96650.0,0.0126
2017-08-24,4141.1,4364.1,4111.7,4318.4,72360.0,0.042800000000000005
2017-08-25,4318.4,4461.7,4292.6,4364.4,82900.0,0.010700000000000001
2017-08-26,4364.4,4379.3,4263.3,4352.3,46160.0,-0.0028000000000000004
2017-08-27,4352.3,4408.2,4321.1,4345.8,42520.0,-0.0015
2017-08-28,4345.8,4403.1,4195.2,4390.3,75490.0,0.0103
2017-08-29,4390.3,4647.8,4350.2,4597.3,100800.0,0.0471
2017-08-30,4597.3,4644.1,4491.8,4583.0,68470.0,-0.0031
2017-08-31,4583.0,4765.1,4580.1,4735.1,72290.0,0.0332
2017-09-01,4735.1,4925.2,4690.2,4921.9,102010.0,0.0394
2017-09-02,4921.9,4976.5,4448.6,4573.8,160770.0,-0.0707
2017-09-03,4573.8,4719.8,4397.7,4612.9,102820.0,0.0086
2017-09-04,4612.9,4621.0,4098.6,4267.5,170400.0,-0.07490000000000001
2017-09-05,4267.5,4496.7,4004.6,4409.1,158410.0,0.0332
2017-09-06,4409.1,4660.0,4401.5,4618.7,110930.0,0.0475
2017-09-07,4618.7,4690.5,4493.2,4635.6,70530.0,0.0037
2017-09-08,4635.6,4699.6,4130.9,4326.5,180360.0,-0.0667
2017-09-09,4326.5,4402.1,4185.3,4335.1,77090.0,0.002
2017-09-10,4335.1,4338.1,4032.1,4245.9,108080.0,-0.0206
2017-09-11,4245.9,4364.4,4134.6,4217.9,88760.0,-0.0066
2017-09-12,4217.9,4387.8,4075.0,4158.9,107040.0,-0.013999999999999999
2017-09-13,4158.9,4174.6,3752.0,3870.3,186540.0,-0.0694
2017-09-14,3870.3,3930.7,3219.0,3243.1,317590.0,-0.16210000000000002
2017-09-15,3243.1,3824.4,2979.9,3713.8,448550.0,0.1451
2017-09-16,3713.8,3893.7,3551.8,3698.9,169360.0,-0.004
2017-09-17,3698.9,3796.6,3485.8,3689.6,96070.0,-0.0025
2017-09-18,3689.6,4122.8,3689.0,4100.3,147930.0,0.11130000000000001
2017-09-19,4100.3,4120.7,3852.2,3908.0,123220.0,-0.046900000000000004
2017-09-20,3908.0,4053.0,3846.8,3882.2,86650.0,-0.0066
2017-09-21,3882.2,3912.8,3576.5,3617.3,145130.0,-0.0682
2017-09-22,3617.3,3753.5,3505.8,3600.8,114720.0,-0.0045000000000000005
2017-09-23,3600.8,3813.4,3563.2,3788.0,67820.0,0.052000000000000005
2017-09-24,3788.0,3790.9,3633.9,3667.5,49660.0,-0.0318
2017-09-25,3667.5,3971.5,3665.7,3932.8,100200.0,0.0723
2017-09-26,3932.8,3982.3,3858.8,3892.7,63250.0,-0.0102
2017-09-27,3892.7,4232.4,3882.1,4212.2,117600.0,0.0821
2017-09-28,4212.2,4274.6,4112.9,4195.6,92230.0,-0.0039000000000000003
2017-09-29,4195.6,4237.5,4030.4,4172.8,97800.0,-0.0054
2017-09-30,4172.8,4383.3,4164.3,4360.6,67490.0,0.045
2017-10-01,4360.6,4412.6,4258.3,4403.1,60580.0,0.0097
2017-10-02,4403.1,4477.4,4364.7,4401.3,71200.0,-0.0004
2017-10-03,4401.3,4436.0,4230.7,4314.2,81870.0,-0.019799999999999998
2017-10-04,4314.2,4355.3,4183.6,4218.7,64080.0,-0.022099999999999998
2017-10-05,4218.7,4365.8,4143.4,4321.4,63610.0,0.024399999999999998
2017-10-06,4321.4,4422.1,4296.9,4371.9,61690.0,0.011699999999999999
2017-10-07,4371.9,4472.9,4319.5,4435.8,40200.0,0.0146
2017-10-08,4435.8,4622.9,4419.4,4611.7,71370.0,0.0397
2017-10-09,4611.7,4875.4,4556.1,4777.5,110190.0,0.0359
2017-10-10,4777.5,4930.0,4722.8,4763.4,98490.0,-0.003
2017-10-11,4763.4,4874.9,4718.6,4824.2,70480.0,0.0128
2017-10-12,4824.2,5432.6,4815.0,5432.6,163920.0,0.1261
2017-10-13,5432.6,5852.8,5392.0,5637.3,215020.0,0.0377
2017-10-14,5637.3,5839.6,5568.9,5824.7,76220.0,0.0333
2017-10-15,5824.7,5862.7,5448.2,5688.1,101640.0,-0.023399999999999997
2017-10-16,5677.4,5795.3,5576.1,5759.3,61360.0,0.0125
2017-10-17,5759.3,5773.3,5521.1,5598.6,65640.0,-0.0279
2017-10-18,5598.6,5601.3,5114.9,5575.8,122020.0,-0.0040999999999999995
2017-10-19,5576.7,5737.4,5517.6,5698.6,83060.0,0.022000000000000002
2017-10-20,5698.6,6075.3,5611.4,5993.1,123860.0,0.051699999999999996
2017-10-21,5993.1,6187.2,5874.5,6006.6,112940.0,0.0023
2017-10-22,6006.6,6070.6,5723.0,5982.9,105030.0,-0.004
2017-10-23,5982.9,6049.0,5644.2,5903.6,137140.0,-0.0132
2017-10-24,5903.6,5904.6,5463.4,5513.1,143740.0,-0.0662
2017-10-25,5513.1,5748.0,5375.6,5734.0,105840.0,0.0401
2017-10-26,5734.0,5970.4,5689.9,5887.6,93680.0,0.0268
2017-10-27,5887.6,5997.8,5692.3,5764.6,83930.0,-0.0209
2017-10-28,5764.6,5871.0,5654.8,5726.6,53230.0,-0.0066
2017-10-29,5726.6,6295.4,5679.4,6147.5,163060.0,0.0735
2017-10-30,6147.7,6226.2,6019.0,6124.3,78620.0,-0.0038
2017-10-31,6124.3,6467.2,6090.8,6451.2,101250.0,0.053399999999999996
2017-11-01,6449.1,6738.7,6355.0,6737.8,133190.0,0.0444
2017-11-02,6737.8,7339.9,6737.8,7024.8,238800.0,0.0426
2017-11-03,7024.8,7445.6,6938.9,7152.1,154890.0,0.0181
2017-11-04,7147.0,7492.2,6957.8,7363.8,106600.0,0.0296
2017-11-05,7363.8,7599.4,7284.3,7389.5,105730.0,0.0034999999999999996
2017-11-06,7389.5,7429.7,6934.7,6959.2,159690.0,-0.0582
2017-11-07,6959.3,7222.4,6957.8,7102.8,101050.0,0.0206
2017-11-08,7102.2,7869.1,7027.0,7444.4,220220.0,0.0481
2017-11-09,7444.4,7457.1,7040.8,7129.6,126770.0,-0.042300000000000004
2017-11-10,7129.6,7319.0,6406.0,6565.8,222000.0,-0.0791
2017-11-11,6565.8,6821.5,6197.9,6339.9,135720.0,-0.0344
2017-11-12,6339.9,6490.5,5493.6,5878.1,269830.0,-0.0728
2017-11-13,5878.1,6760.1,5828.3,6522.5,178340.0,0.1096
2017-11-14,6522.5,6728.6,6419.2,6597.1,96500.0,0.011399999999999999
2017-11-15,6597.1,7330.1,6596.9,7283.2,131120.0,0.10400000000000001
2017-11-16,7283.0,7964.6,7119.2,7853.7,133940.0,0.0783
2017-11-17,7853.7,8000.2,7534.7,7700.0,117350.0,-0.0196
2017-11-18,7700.0,7857.5,7458.9,7780.9,74380.0,0.0105
2017-11-19,7781.0,8100.9,7675.4,8042.6,68620.0,0.0336
2017-11-20,8042.6,8294.1,7947.3,8244.7,75700.0,0.025099999999999997
2017-11-21,8245.9,8368.4,7819.1,8100.0,115450.0,-0.0176
2017-11-22,8099.9,8304.4,8091.6,8234.5,65810.0,0.0166
2017-11-23,8234.5,8266.5,8012.4,8013.4,68010.0,-0.0269
2017-11-24,8013.4,8332.9,7900.2,8200.8,73000.0,0.023399999999999997
2017-11-25,8203.5,8762.0,8153.7,8754.7,84670.0,0.0675
2017-11-26,8754.6,9474.6,8746.6,9318.4,85890.0,0.0644
2017-11-27,9318.4,9733.6,9316.8,9733.2,106900.0,0.044500000000000005
2017-11-28,9732.6,9969.6,9638.2,9906.0,87760.0,0.0178
2017-11-29,9906.0,11417.8,8938.7,9837.9,233330.0,-0.0069
2017-11-30,9848.0,10689.1,9023.8,9946.8,187010.0,0.0111
2017-12-01,9947.1,10942.8,9420.9,10861.5,131920.0,0.092
2017-12-02,10861.5,11175.2,10715.5,10912.7,86830.0,0.004699999999999999
2017-12-03,10912.7,11851.1,10578.4,11246.2,122130.0,0.030600000000000002
2017-12-04,11244.2,11624.6,10917.8,11623.9,93170.0,0.0336
2017-12-05,11624.4,11901.9,11486.1,11667.1,89690.0,0.0037
2017-12-06,11667.1,13843.2,11661.8,13749.6,191580.0,0.17850000000000002
2017-12-07,13750.1,16879.3,13401.6,16850.3,297110.0,0.2255
2017-12-08,16868.0,17294.8,13906.1,16047.6,286760.0,-0.047599999999999996
2017-12-09,16048.2,16313.2,13151.5,14843.4,181980.0,-0.075
2017-12-10,14840.0,15783.2,13031.0,15059.6,201620.0,0.0146
2017-12-11,15060.5,17399.2,15024.6,16732.5,159730.0,0.11109999999999999
2017-12-12,16733.3,17560.7,16254.5,17083.9,132850.0,0.021
2017-12-13,17083.9,17268.0,15669.9,16286.8,155410.0,-0.0467
2017-12-14,16286.8,16941.1,16023.6,16467.9,107920.0,0.0111
2017-12-15,16467.9,17987.0,16442.2,17604.8,153650.0,0.069
2017-12-16,17594.1,19587.7,17318.5,19345.5,112170.0,0.0989
2017-12-17,19346.6,19870.6,18750.9,19065.7,117410.0,-0.014499999999999999
2017-12-18,19065.7,19221.1,18114.4,18972.3,139250.0,-0.0049
2017-12-19,18971.2,19022.0,16812.8,17523.7,174540.0,-0.0764
2017-12-20,17521.7,17813.6,15642.7,16462.0,227680.0,-0.060599999999999994
2017-12-21,16461.1,17301.8,14953.0,15632.1,163740.0,-0.0504
2017-12-22,15632.1,15823.7,10875.7,13665.0,466980.0,-0.1258
2017-12-23,13665.0,15493.2,13356.1,14396.5,170170.0,0.0535
2017-12-24,14396.6,14413.7,12166.5,13790.0,182420.0,-0.0421
2017-12-25,13790.0,14467.4,13010.7,13833.5,107480.0,0.0032
2017-12-26,13830.2,16094.7,13748.5,15756.6,143140.0,0.139
2017-12-27,15757.0,16514.6,14534.7,15416.6,138710.0,-0.0216
2017-12-28,15416.3,15505.5,13466.1,14398.7,170370.0,-0.066
2017-12-29,14398.5,15109.8,13951.1,14392.6,118880.0,-0.0004
2017-12-30,14392.1,14461.5,11962.1,12531.5,182070.0,-0.1293
2017-12-31,12532.4,14241.8,12359.4,13850.4,111270.0,0.1052
2018-01-01,13850.5,13921.5,12877.7,13444.9,78430.0,-0.029300000000000003
2018-01-02,13444.9,15306.1,12934.2,14754.1,137730.0,0.0974
2018-01-03,14754.1,15435.0,14579.7,15156.6,106540.0,0.0273
2018-01-04,15156.5,15408.7,14244.7,15180.1,110970.0,0.0015
2018-01-05,15180.1,17126.9,14832.4,16954.8,141960.0,0.11689999999999999
2018-01-06,16954.8,17252.8,16286.6,17172.3,83930.0,0.0128
2018-01-07,17174.5,17184.8,15791.1,16228.2,79010.0,-0.055
2018-01-08,16228.3,16302.9,13902.3,14976.2,142450.0,-0.0771
2018-01-09,14976.2,15324.6,14613.4,14778.5,71400.0,-0.0132
2018-01-10,14778.5,15045.4,13613.1,15043.0,87070.0,0.0179
2018-01-11,15046.7,15109.1,13048.3,13535.4,167810.0,-0.1002
2018-01-12,13529.2,14176.4,13410.0,13886.7,82370.0,0.026000000000000002
2018-01-13,13896.0,14640.7,13888.2,14292.2,61140.0,0.0292
2018-01-14,14291.9,14446.1,13094.7,13695.2,85120.0,-0.0418
2018-01-15,13695.5,14396.6,13475.4,13697.5,73270.0,0.0002
2018-01-16,13704.4,13711.0,10050.7,11362.0,317100.0,-0.1705
2018-01-17,11357.7,11769.6,9271.3,11192.3,361800.0,-0.0149
2018-01-18,11202.0,12004.7,10660.2,11245.4,242450.0,0.004699999999999999
2018-01-19,11229.6,11973.2,10901.5,11580.2,170740.0,0.0298
2018-01-20,11579.2,13082.2,11567.3,12858.9,143900.0,0.1104
2018-01-21,12857.1,12860.2,11164.5,11594.9,206960.0,-0.0983
2018-01-22,11597.5,11970.9,10136.8,10864.8,201730.0,-0.063
2018-01-23,10869.0,11438.0,10056.6,10903.2,188370.0,0.0034999999999999996
2018-01-24,10899.4,11549.5,10584.5,11452.3,136060.0,0.0504
2018-01-25,11439.9,11740.9,10983.8,11203.0,181810.0,-0.0218
2018-01-26,11203.1,11655.3,10389.4,11118.1,253910.0,-0.0076
2018-01-27,11118.0,11621.7,10908.4,11467.5,163490.0,0.031400000000000004
2018-01-28,11471.2,12112.7,11433.3,11795.1,154630.0,0.0286
2018-01-29,11794.9,11888.1,11119.0,11244.8,137420.0,-0.0467
2018-01-30,11244.5,11277.2,9917.7,10166.0,264720.0,-0.0959
2018-01-31,10166.3,10397.7,9742.2,10265.4,208470.0,0.0098
2018-02-01,10266.2,10303.0,8789.2,9181.1,358400.0,-0.1056
2018-02-02,9179.8,9201.4,7915.8,8893.2,519400.0,-0.031400000000000004
2018-02-03,8894.4,9506.9,8249.3,9241.1,248710.0,0.0391
2018-02-04,9241.5,9382.1,7932.1,8222.2,280940.0,-0.1103
2018-02-05,8220.8,8383.2,6651.9,6938.5,593890.0,-0.1561
2018-02-06,6939.3,7896.2,5996.6,7701.2,886880.0,0.1099
2018-02-07,7693.8,8536.5,7196.6,7594.7,445620.0,-0.0138
2018-02-08,7595.1,8489.9,7595.1,8164.2,296100.0,0.075
2018-02-09,8163.6,8735.6,7784.6,8699.8,233940.0,0.06559999999999999
2018-02-10,8697.3,9066.6,8172.2,8559.6,263530.0,-0.0161
2018-02-11,8559.7,8564.2,7843.7,8081.9,236200.0,-0.0558
2018-02-12,8083.6,8984.9,8083.6,8903.5,238670.0,0.1017
2018-02-13,8906.2,8942.7,8378.0,8539.2,195870.0,-0.0409
2018-02-14,8542.6,9500.0,8541.6,9476.3,246880.0,0.1097
2018-02-15,9475.6,10206.8,9348.5,10037.3,291280.0,0.0592
2018-02-16,10031.3,10294.3,9707.7,10178.7,206440.0,0.0141
2018-02-17,10177.3,11095.9,10070.9,11073.5,224760.0,0.08789999999999999
2018-02-18,11073.7,11271.6,10137.2,10398.8,288910.0,-0.060899999999999996
2018-02-19,10396.6,11250.5,10324.8,11169.4,215200.0,0.0741
2018-02-20,11169.7,11791.5,11119.9,11238.7,267560.0,0.0062
2018-02-21,11240.9,11289.7,10252.2,10473.0,327140.0,-0.0681
2018-02-22,10470.1,10930.2,9743.9,9841.7,316630.0,-0.0603
2018-02-23,9840.6,10419.1,9597.8,10170.4,271500.0,0.0334
2018-02-24,10163.8,10506.1,9394.5,9704.3,239160.0,-0.0458
2018-02-25,9703.1,9860.3,9330.1,9585.2,196490.0,-0.0123
2018-02-26,9590.9,10378.4,9410.3,10285.1,235940.0,0.073
2018-02-27,10287.8,10867.2,10120.5,10594.4,202580.0,0.0301
2018-02-28,10584.4,11070.7,10303.4,10333.9,215220.0,-0.0246
2018-03-01,10335.1,11047.8,10248.7,10904.5,188770.0,0.0552
2018-03-02,10904.5,11167.0,10677.1,10827.7,201690.0,-0.006999999999999999
2018-03-03,10822.5,11420.7,9585.5,11402.3,172200.0,0.053099999999999994
2018-03-04,11402.8,11490.3,10878.4,11416.5,156400.0,0.0012
2018-03-05,11415.7,11506.9,11281.2,11330.6,162110.0,-0.0075
2018-03-06,11314.2,11316.4,10412.0,10675.1,230650.0,-0.057800000000000004
2018-03-07,10779.0,10899.0,9422.1,9902.9,284540.0,-0.0723
2018-03-08,9910.7,10109.0,9037.0,9300.0,256260.0,-0.060899999999999996
2018-03-09,9301.9,9420.5,8351.0,9217.0,371460.0,-0.0089
2018-03-10,9216.2,9500.0,8691.1,8762.0,198730.0,-0.049400000000000006
2018-03-11,8732.2,9719.6,8516.4,9529.6,266590.0,0.0876
2018-03-12,9535.8,9892.2,8804.1,9137.4,257910.00000000003,-0.0412
2018-03-13,9138.7,9482.0,8875.1,9154.9,239460.0,0.0019
2018-03-14,9154.9,9353.4,7958.5,8210.6,305450.0,-0.1032
2018-03-15,8210.2,8427.0,7691.7,8264.4,326530.0,0.0066
2018-03-16,8264.3,8604.8,7929.1,8289.2,236130.0,0.003
2018-03-17,8198.0,8344.8,7760.2,7874.9,208050.0,-0.05
2018-03-18,7873.2,8283.6,7323.3,8201.2,348020.0,0.0414
2018-03-19,8200.9,8698.3,8127.7,8616.8,316960.0,0.0507
2018-03-20,8614.1,9039.6,8326.8,8912.6,253440.0,0.034300000000000004
2018-03-21,8912.4,9173.4,8775.1,8905.9,218190.0,-0.0008
2018-03-22,8903.7,9096.2,8499.1,8726.2,223010.0,-0.0202
2018-03-23,8725.3,8917.0,8305.6,8916.8,210110.0,0.0218
2018-03-24,8917.3,9008.8,8523.6,8547.4,177430.0,-0.0414
2018-03-25,8549.1,8679.0,8392.2,8473.2,149520.0,-0.0087
2018-03-26,8474.0,8515.7,7865.9,8143.5,247180.0,-0.038900000000000004
2018-03-27,8146.5,8218.3,7760.6,7801.7,223100.0,-0.042
2018-03-28,7803.0,8110.4,7754.5,7954.9,167360.0,0.0196
2018-03-29,7955.2,7980.7,6954.9,7129.2,348750.0,-0.1038
2018-03-30,7132.4,7288.1,6603.8,6853.7,417310.0,-0.038599999999999995
2018-03-31,6856.5,7221.5,6804.9,6938.2,245300.0,0.0123
2018-04-01,6939.1,7047.7,6460.1,6825.2,257529.99999999997,-0.0163
2018-04-02,6825.4,7121.3,6787.6,7068.4,199310.0,0.0356
2018-04-03,7067.2,7519.3,7032.9,7424.2,230800.0,0.050300000000000004
2018-04-04,7423.8,7432.9,6726.9,6808.9,239510.0,-0.08289999999999999
2018-04-05,6808.7,6918.2,6592.5,6782.0,221700.0,-0.004
2018-04-06,6783.7,6859.7,6523.4,6624.3,174900.0,-0.0233
2018-04-07,6624.5,7071.9,6616.1,6905.7,177100.0,0.0425
2018-04-08,6905.9,7113.4,6903.9,7030.5,132510.0,0.0181
2018-04-09,7035.7,7192.5,6633.2,6781.9,241190.0,-0.0354
2018-04-10,6782.6,6899.5,6671.6,6854.8,134230.0,0.0108
2018-04-11,6855.6,6988.6,6818.4,6962.1,142070.0,0.015600000000000001
2018-04-12,6963.3,8009.6,6779.3,7926.6,398300.0,0.13849999999999998
2018-04-13,7926.9,8228.0,7756.6,7887.4,296950.0,-0.0049
2018-04-14,7891.1,8180.2,7839.3,8004.4,164710.0,0.0148
2018-04-15,8004.6,8411.5,8004.6,8363.6,160260.0,0.0449
2018-04-16,8362.2,8412.9,7908.5,8070.0,197700.0,-0.0351
2018-04-17,8070.0,8171.7,7852.8,7908.6,162590.0,-0.02
2018-04-18,7908.5,8227.6,7895.3,8178.4,163260.0,0.0341
2018-04-19,8179.0,8303.7,8126.7,8290.8,155080.0,0.0137
2018-04-20,8292.3,8926.2,8224.5,8867.0,225960.0,0.0695
2018-04-21,8867.0,9027.7,8614.5,8923.1,206010.0,0.0063
2018-04-22,8923.6,9022.3,8766.5,8806.7,161890.0,-0.013000000000000001
2018-04-23,8809.3,9001.0,8785.3,8952.8,147540.0,0.0166
2018-04-24,8952.7,9734.8,8937.0,9645.3,260790.00000000003,0.07730000000000001
2018-04-25,9645.0,9753.1,8768.1,8873.1,395670.0,-0.0801
2018-04-26,8874.5,9303.6,8669.8,9287.0,248390.0,0.0467
2018-04-27,9282.8,9386.3,8920.2,8940.9,184910.0,-0.0373
2018-04-28,8940.8,9428.9,8895.5,9352.4,199780.0,0.046
2018-04-29,9352.2,9565.1,9182.8,9415.1,184720.0,0.0067
2018-04-30,9415.8,9456.7,9135.4,9245.1,156830.0,-0.018000000000000002
2018-05-01,9245.1,9245.1,8851.0,9074.9,173350.0,-0.0184
2018-05-02,9076.8,9265.7,8991.9,9243.2,137480.0,0.018500000000000003
2018-05-03,9244.2,9809.4,9171.4,9749.7,201180.0,0.0548
2018-05-04,9747.6,9800.9,9549.0,9708.6,161550.0,-0.0042
2018-05-05,9709.5,9992.8,9691.3,9853.5,158450.0,0.0149
2018-05-06,9859.6,9957.7,9446.7,9656.4,150950.0,-0.02
2018-05-07,9651.1,9675.6,9204.2,9431.6,165080.0,-0.0233
2018-05-08,9373.9,9404.4,9079.8,9196.4,157450.0,-0.024900000000000002
2018-05-09,9194.9,9377.9,8988.0,9319.1,147890.0,0.013300000000000001
2018-05-10,9319.2,9393.3,9013.4,9025.7,152710.0,-0.0315
2018-05-11,9026.0,9028.7,8359.6,8408.3,270620.0,-0.0684
2018-05-12,8409.6,8646.1,8184.1,8459.5,210870.0,0.0060999999999999995
2018-05-13,8489.1,8758.4,8330.0,8693.5,149800.0,0.0277
2018-05-14,8693.4,8878.3,8305.1,8674.1,212050.0,-0.0022
2018-05-15,8674.0,8842.1,8436.5,8477.0,179620.0,-0.0227
2018-05-16,8477.0,8496.4,8120.1,8344.4,188030.0,-0.015600000000000001
2018-05-17,8344.6,8458.7,8022.3,8063.0,154360.0,-0.0337
2018-05-18,8064.4,8273.6,7939.8,8245.7,150320.0,0.0227
2018-05-19,8244.7,8389.1,8153.2,8245.1,107890.0,-0.0001
2018-05-20,8243.9,8580.4,8184.7,8529.0,113760.0,0.0344
2018-05-21,8529.5,8550.6,8375.5,8403.3,115520.0,-0.0147
2018-05-22,8403.8,8414.5,7979.3,8006.0,137510.0,-0.0473
2018-05-23,8005.7,8047.4,7467.6,7512.3,237600.0,-0.0617
2018-05-24,7512.3,7736.6,7293.4,7592.9,211110.0,0.010700000000000001
2018-05-25,7593.9,7653.4,7355.6,7477.7,161820.0,-0.0152
2018-05-26,7478.5,7619.3,7331.5,7361.3,103070.0,-0.015600000000000001
2018-05-27,7361.9,7411.8,7267.5,7366.7,103290.0,0.0007000000000000001
2018-05-28,7367.3,7446.9,7090.6,7119.3,152290.0,-0.0336
2018-05-29,7119.3,7533.0,7069.8,7467.7,186970.0,0.0489
2018-05-30,7469.2,7565.2,7306.8,7400.1,140370.0,-0.0091
2018-05-31,7400.8,7611.9,7355.0,7502.6,144520.0,0.0139
2018-06-01,7502.5,7610.4,7375.8,7530.8,135920.0,0.0038
2018-06-02,7530.8,7694.5,7467.9,7646.6,121180.0,0.0154
2018-06-03,7646.6,7775.0,7611.3,7729.3,116680.0,0.0108
2018-06-04,7729.3,7759.9,7468.4,7504.3,141010.0,-0.0291
2018-06-05,7507.4,7672.6,7391.0,7631.5,145230.0,0.0169
2018-06-06,7631.5,7699.1,7504.4,7661.0,130660.0,0.0039000000000000003
2018-06-07,7661.0,7754.7,7657.7,7697.8,124000.0,0.0048
2018-06-08,7697.9,7710.5,7556.9,7622.1,112880.0,-0.0098
2018-06-09,7622.1,7689.0,7493.3,7515.8,97560.0,-0.013999999999999999
2018-06-10,7515.8,7516.3,6668.1,6775.1,275690.0,-0.09849999999999999
2018-06-11,6775.2,6910.8,6657.2,6885.9,174880.0,0.016399999999999998
2018-06-12,6885.9,6887.2,6476.0,6558.2,178260.0,-0.047599999999999996
2018-06-13,6558.5,6624.6,6129.1,6312.3,237480.0,-0.0375
2018-06-14,6312.3,6711.5,6283.6,6647.1,201540.0,0.053
2018-06-15,6647.3,6655.8,6395.7,6410.3,143530.0,-0.0356
2018-06-16,6410.0,6564.2,6358.0,6505.8,108790.0,0.0149
2018-06-17,6505.8,6593.0,6452.1,6460.3,90670.0,-0.006999999999999999
2018-06-18,6460.5,6794.5,6410.9,6719.8,135700.0,0.04019999999999999
2018-06-19,6719.8,6839.5,6681.5,6752.4,120540.0,0.0049
2018-06-20,6752.3,6812.7,6575.1,6765.4,121480.0,0.0019
2018-06-21,6765.8,6797.5,6695.1,6728.0,99290.0,-0.0055000000000000005
2018-06-22,6728.2,6739.7,5955.0,6055.7,278220.0,-0.0999
2018-06-23,6055.2,6259.0,6032.8,6167.3,142900.0,0.0184
2018-06-24,6167.9,6248.3,5785.3,6154.6,240600.0,-0.0021
2018-06-25,6155.1,6331.2,6101.7,6256.6,210690.0,0.0166
2018-06-26,6256.9,6267.7,6060.0,6082.1,176660.0,-0.0279
2018-06-27,6081.1,6187.3,6025.4,6154.9,133420.0,0.012
2018-06-28,6154.9,6178.4,5854.0,5883.5,156050.0,-0.0441
2018-06-29,5883.2,6284.9,5818.5,6213.3,206960.0,0.056100000000000004
2018-06-30,6213.4,6498.5,6204.0,6398.9,189330.0,0.029900000000000003
2018-07-01,6398.5,6445.1,6284.7,6366.8,128509.99999999999,-0.005
2018-07-02,6349.1,6680.0,6275.0,6619.5,179920.0,0.0397
2018-07-03,6618.6,6676.6,6513.5,6513.5,150190.0,-0.016
2018-07-04,6513.8,6774.5,6442.3,6598.4,143040.0,0.013000000000000001
2018-07-05,6598.0,6693.6,6466.1,6546.5,166180.0,-0.0079
2018-07-06,6546.5,6638.2,6458.3,6617.7,132690.0,0.0109
2018-07-07,6617.7,6805.9,6531.1,6765.5,114570.0,0.0223
2018-07-08,6765.4,6784.0,6694.3,6714.8,267600.0,-0.0075
2018-07-09,6715.1,6793.8,6637.7,6667.1,289480.0,-0.0070999999999999995
2018-07-10,6668.4,6686.8,6291.5,6307.2,315270.0,-0.054000000000000006
2018-07-11,6307.2,6409.7,6296.6,6389.1,243820.0,0.013000000000000001
2018-07-12,6389.1,6389.4,6088.8,6250.6,289240.0,-0.0217
2018-07-13,6250.8,6333.8,6144.5,6230.2,233220.0,-0.0033
2018-07-14,6229.5,6313.5,6192.5,6254.8,243710.0,0.004
2018-07-15,6254.8,6399.6,6238.5,6362.9,180670.0,0.0173
2018-07-16,6362.8,6749.2,6344.1,6729.9,312120.0,0.057699999999999994
2018-07-17,6729.8,7453.2,6666.0,7322.0,337750.0,0.08800000000000001
2018-07-18,7321.6,7581.2,7249.3,7383.6,333320.0,0.0084
2018-07-19,7383.9,7558.4,7288.8,7477.5,247250.0,0.0127
2018-07-20,7477.6,7683.6,7292.0,7339.4,258850.00000000003,-0.018500000000000003
2018-07-21,7339.3,7460.8,7223.5,7408.7,160770.0,0.0095
2018-07-22,7409.0,7575.3,7343.7,7412.3,204160.0,0.0005
2018-07-23,7412.4,7809.6,7379.2,7723.0,272150.0,0.04190000000000001
2018-07-24,7723.1,8479.8,7701.9,8407.0,345320.0,0.0886
2018-07-25,8404.9,8484.6,8062.1,8173.7,269230.0,-0.0278
2018-07-26,8173.9,8304.3,7861.0,7937.0,235450.0,-0.028999999999999998
2018-07-27,7936.9,8273.8,7808.3,8187.4,243220.0,0.0315
2018-07-28,8186.8,8234.1,8077.4,8234.1,147140.0,0.005699999999999999
2018-07-29,8231.5,8275.4,8113.3,8215.6,155240.0,-0.0022
2018-07-30,8214.7,8262.0,7874.4,8177.1,242210.0,-0.004699999999999999
2018-07-31,8176.4,8176.5,7649.8,7729.4,266940.0,-0.0548
2018-08-01,7728.5,7753.2,7449.2,7606.4,237690.0,-0.0159
2018-08-02,7606.4,7701.4,7470.6,7535.6,216340.0,-0.009300000000000001
2018-08-03,7535.6,7535.6,7293.5,7419.0,226460.0,-0.0155
2018-08-04,7418.9,7484.2,6949.7,7014.3,222570.0,-0.0546
2018-08-05,7014.0,7087.6,6887.9,7027.1,177640.0,0.0018
2018-08-06,7027.8,7143.6,6852.5,6943.6,168870.0,-0.011899999999999999
2018-08-07,6943.6,7149.7,6689.9,6724.9,232480.0,-0.0315
2018-08-08,6725.2,6725.2,6138.8,6283.6,311540.0,-0.06559999999999999
2018-08-09,6283.7,6620.2,6197.0,6538.8,237660.0,0.0406
2018-08-10,6539.5,6570.2,6043.4,6152.3,298820.0,-0.0591
2018-08-11,6152.8,6469.6,6009.8,6231.6,247340.0,0.0129
2018-08-12,6232.1,6453.0,6169.8,6313.0,216330.0,0.0131
2018-08-13,6313.0,6524.1,6159.6,6255.3,234090.0,-0.0091
2018-08-14,6255.3,6255.3,5898.3,6190.2,3660000.0,-0.0104
2018-08-15,6190.2,6592.8,6177.9,6256.9,3740000.0,0.0108
2018-08-16,6256.9,6470.9,6249.8,6306.7,3500000.0,0.008
2018-08-17,6306.7,6581.7,6291.8,6581.7,3200000.0,0.0436
2018-08-18,6581.8,6626.4,6295.5,6379.1,3150000.0,-0.0308
2018-08-19,6379.1,6534.8,6316.0,6481.5,2710000.0,0.0161
2018-08-20,6474.2,6516.4,6255.9,6268.1,3100000.0,-0.0329
2018-08-21,6268.1,6484.1,6257.4,6482.2,1460000.0,0.0341
2018-08-22,6482.2,6840.8,6304.8,6359.6,3630000.0,-0.0189
2018-08-23,6359.9,6550.2,6359.2,6521.2,2760000.0,0.0254
2018-08-24,6521.2,6721.2,6472.8,6680.4,3700000.0,0.024399999999999998
2018-08-25,6680.6,6783.4,6655.3,6734.8,3590000.0,0.008100000000000001
2018-08-26,6734.9,6892.7,6573.1,6712.7,3370000.0,-0.0033
2018-08-27,6712.7,6902.9,6650.4,6897.6,3260000.0,0.0275
2018-08-28,6897.6,7129.7,6861.2,7074.6,3790000.0,0.025699999999999997
2018-08-29,7074.6,7121.4,6926.7,7029.1,4110000.0000000005,-0.0064
2018-08-30,7029.2,7050.2,6798.0,6993.7,3740000.0,-0.005
2018-08-31,6993.7,7080.2,6698.0,7033.8,4210000.0,0.005699999999999999
2018-09-01,7032.4,7264.3,7020.4,7189.6,3520000.0,0.022099999999999998
2018-09-02,7189.6,7334.8,7117.3,7293.9,3900000.0,0.014499999999999999
2018-09-03,7289.8,7330.7,7182.8,7264.2,3870000.0,-0.0040999999999999995
2018-09-04,7264.2,7409.9,7234.5,7377.5,3920000.0,0.015600000000000001
2018-09-05,7377.5,7407.5,6691.8,6706.8,4550000.0,-0.0909
2018-09-06,6706.8,6732.9,6337.8,6514.0,4019999.9999999995,-0.0287
2018-09-07,6514.1,6540.6,6316.2,6390.9,3300000.0,-0.0189
2018-09-08,6390.9,6484.3,6132.3,6184.3,3460000.0,-0.0323
2018-09-09,6184.3,6432.6,6148.8,6238.5,2840000.0,0.0088
2018-09-10,6238.5,6358.5,6237.3,6321.0,3110000.0,0.0132
2018-09-11,6320.7,6391.8,6189.6,6293.9,3300000.0,-0.0043
2018-09-12,6293.9,6353.5,6204.5,6338.0,3040000.0,0.006999999999999999
2018-09-13,6338.0,6867.3,6337.8,6482.9,3530000.0,0.0229
2018-09-14,6482.9,6579.4,6412.1,6483.7,3200000.0,0.0001
2018-09-15,6482.6,6562.9,6470.3,6519.0,3160000.0,0.0054
2018-09-16,6519.0,6520.8,6406.2,6500.2,3340000.0,-0.0029
2018-09-17,6500.2,6533.5,6215.9,6251.9,3260000.0,-0.0382
2018-09-18,6251.9,6388.8,6228.8,6342.0,2820000.0,0.0144
2018-09-19,6342.0,6478.7,6144.5,6390.4,3540000.0,0.0076
2018-09-20,6390.4,6537.5,6346.4,6489.2,5180000.0,0.0155
2018-09-21,6490.9,6780.5,6489.8,6766.7,7730000.0,0.042800000000000005
2018-09-22,6766.7,6833.3,6635.5,6729.6,7310000.0,-0.0055000000000000005
2018-09-23,6729.6,6789.4,6666.4,6704.1,7340000.0,-0.0038
2018-09-24,6713.3,6728.1,6559.1,6584.1,7570000.0,-0.0179
2018-09-25,6590.6,6590.6,5977.0,6445.1,7340000.0,-0.021099999999999997
2018-09-26,6443.0,6551.9,6384.1,6468.1,8640000.0,0.0036
2018-09-27,6463.7,6738.3,6428.8,6689.2,9340000.0,0.0342
2018-09-28,6685.7,6809.2,6538.6,6636.0,9570000.0,-0.0079
2018-09-29,6633.9,6648.4,6464.4,6603.9,9420000.0,-0.0048
2018-09-30,6603.9,6673.9,6533.5,6635.2,9340000.0,0.004699999999999999
2018-10-01,6635.2,6674.7,6072.7,6608.2,9190000.0,-0.0040999999999999995
2018-10-02,6608.2,6645.7,6034.9,6549.9,9340000.0,-0.0088
2018-10-03,6549.9,6563.5,6429.6,6507.8,9210000.0,-0.0064
2018-10-04,6509.2,6653.0,6487.8,6584.2,9310000.0,0.011699999999999999
2018-10-05,6584.2,6682.3,6537.6,6639.1,9340000.0,0.0083
2018-10-06,6639.1,6661.5,6550.4,6596.3,9180000.0,-0.006500000000000001
2018-10-07,6596.3,6633.9,6523.8,6611.0,77060.0,0.0022
2018-10-08,6611.0,6699.5,6589.9,6669.6,119680.0,0.0089
2018-10-09,6669.6,6678.9,6613.3,6650.8,80790.0,-0.0028000000000000004
2018-10-10,6650.6,6653.5,6526.0,6618.0,101930.0,-0.0049
2018-10-11,6618.0,6622.5,6206.2,6239.1,245280.0,-0.0572
2018-10-12,6239.2,6344.8,6206.8,6291.3,147400.0,0.0084
2018-10-13,6291.3,6329.3,6282.8,6321.7,94450.0,0.0048
2018-10-14,6321.6,6390.9,6300.0,6326.8,99380.0,0.0008
2018-10-15,6326.8,7358.4,6300.2,6699.8,443330.0,0.059000000000000004
2018-10-16,6712.4,6836.7,6645.4,6705.3,155850.0,0.0008
2018-10-17,6718.9,6745.9,6637.8,6686.6,136710.0,-0.0028000000000000004
2018-10-18,6690.1,6736.3,6530.6,6574.1,134150.0,-0.0168
2018-10-19,6576.4,6603.2,6506.9,6512.0,121440.0,-0.009399999999999999
2018-10-20,6511.7,6593.7,6495.9,6572.2,97770.0,0.0092
2018-10-21,6575.9,6643.1,6568.0,6583.0,92940.0,0.0016
2018-10-22,6583.0,6612.7,6529.5,6555.8,101570.0,-0.0040999999999999995
2018-10-23,6558.6,6573.6,6500.5,6528.7,108860.0,-0.0040999999999999995
2018-10-24,6531.2,6593.8,6522.6,6530.7,98740.0,0.0003
2018-10-25,6532.5,6544.8,6491.5,6507.0,97430.0,-0.0036
2018-10-26,6507.0,6570.5,6498.5,6510.0,97170.0,0.0005
2018-10-27,6510.0,6534.0,6473.7,6494.2,76720.0,-0.0024
2018-10-28,6494.6,6502.2,6461.2,6486.1,93970.0,-0.0012
2018-10-29,6486.1,6498.4,6310.5,6335.0,160520.0,-0.0233
2018-10-30,6336.7,6469.9,6316.5,6325.7,128210.00000000001,-0.0015
2018-10-31,6327.9,6405.7,6257.8,6365.9,129060.0,0.0064
2018-11-01,6365.9,6421.8,6354.2,6400.5,124160.0,0.0054
2018-11-02,6400.5,6444.3,6390.9,6424.7,135870.0,0.0038
2018-11-03,6424.5,6429.5,6346.2,6386.2,112840.0,-0.006
2018-11-04,6386.2,6508.9,6359.7,6478.2,128759.99999999999,0.0144
2018-11-05,6478.2,6489.2,6431.7,6459.7,128509.99999999999,-0.0029
2018-11-06,6460.4,6509.6,6441.6,6502.8,154870.0,0.0067
2018-11-07,6503.1,6594.3,6502.0,6565.3,170760.0,0.0096
2018-11-08,6565.3,6577.3,6466.3,6474.0,159300.0,-0.0139
2018-11-09,6473.8,6496.1,6390.0,6412.0,151600.0,-0.0096
2018-11-10,6411.9,6461.7,6411.7,6427.1,115870.0,0.0024
2018-11-11,6427.1,6451.7,6359.0,6446.1,127400.0,0.003
2018-11-12,6445.0,6475.9,6409.4,6435.0,130160.0,-0.0017000000000000001
2018-11-13,6435.0,6466.8,6386.7,6429.2,137600.0,-0.0009
2018-11-14,6428.9,6453.3,5619.2,5842.4,438210.0,-0.0913
2018-11-15,5854.0,5878.5,5384.1,5718.9,375860.0,-0.021099999999999997
2018-11-16,5723.5,5747.7,5539.7,5636.2,224120.0,-0.014499999999999999
2018-11-17,5636.2,5645.5,5561.4,5621.8,156510.0,-0.0026
2018-11-18,5621.0,5727.9,5615.5,5658.3,158680.0,0.006500000000000001
2018-11-19,5660.4,5662.5,4831.1,4883.8,478260.0,-0.1369
2018-11-20,4883.6,5013.4,4272.3,4524.6,714080.0,-0.0736
2018-11-21,4523.0,4743.7,4393.0,4638.7,412740.0,0.0252
2018-11-22,4646.4,4695.7,4346.7,4356.0,261850.00000000003,-0.060899999999999996
2018-11-23,4360.9,4455.6,4223.7,4398.0,348990.0,0.0096
2018-11-24,4397.3,4494.6,3821.5,3920.4,382720.0,-0.10859999999999999
2018-11-25,3920.3,4198.4,3634.2,4062.2,619950.0,0.0362
2018-11-26,4061.0,4179.0,3679.8,3837.0,571040.0,-0.0554
2018-11-27,3840.3,3920.6,3687.8,3866.5,457270.0,0.0077
2018-11-28,3866.4,4391.8,3866.4,4265.4,533040.0,0.1032
2018-11-29,4265.5,4440.1,4140.6,4296.5,414460.0,0.0073
2018-11-30,4296.8,4340.6,3954.5,4039.7,444520.0,-0.059800000000000006
2018-12-01,4038.7,4299.1,3967.1,4196.2,316300.0,0.0387
2018-12-02,4196.2,4316.1,4105.3,4160.4,298630.0,-0.0085
2018-12-03,4160.3,4177.0,3839.9,3897.8,355100.0,-0.06309999999999999
2018-12-04,3899.9,4082.9,3809.3,3958.5,326710.0,0.015600000000000001
2018-12-05,3958.1,3974.1,3765.2,3771.6,341600.0,-0.0472
2018-12-06,3771.4,3887.2,3505.7,3508.6,467540.0,-0.0697
2018-12-07,3508.9,3626.6,3251.8,3422.2,639330.0,-0.0246
2018-12-08,3422.3,3507.7,3302.9,3430.4,424400.0,0.0024
2018-12-09,3430.3,3677.6,3424.2,3567.5,327930.0,0.04
2018-12-10,3566.9,3622.4,3412.7,3460.5,394490.0,-0.03
2018-12-11,3460.4,3485.9,3349.9,3407.7,418530.0,-0.015300000000000001
2018-12-12,3390.2,3510.2,3379.4,3466.1,391170.0,0.0172
2018-12-13,3466.2,3474.4,3284.8,3315.3,435890.0,-0.0435
2018-12-14,3315.4,3336.6,3199.1,3247.8,445560.0,-0.0204
2018-12-15,3247.8,3282.3,3177.0,3228.7,332950.0,-0.0059
2018-12-16,3228.6,3305.0,3225.9,3247.9,335690.0,0.006
2018-12-17,3248.3,3597.4,3243.1,3526.1,534780.0,0.0857
2018-12-18,3526.0,3683.1,3456.9,3668.0,698530.0,0.04019999999999999
2018-12-19,3668.1,3924.7,3647.5,3687.1,792400.0,0.0052
2018-12-20,3687.2,4140.3,3665.8,4076.0,958580.0,0.10550000000000001
2018-12-21,4075.2,4153.1,3786.9,3850.9,748760.0,-0.0552
2018-12-22,3850.9,3977.2,3803.7,3964.4,554590.0,0.029500000000000002
2018-12-23,3964.3,4037.1,3904.6,3944.4,572210.0,-0.005
2018-12-24,3944.5,4208.2,3941.9,4026.1,716290.0,0.0207
2018-12-25,4025.6,4030.7,3676.5,3762.5,670940.0,-0.0655
2018-12-26,3762.8,3841.9,3680.3,3793.7,567110.0,0.0083
2018-12-27,3793.4,3822.6,3560.8,3586.9,543440.0,-0.0545
2018-12-28,3587.1,3900.3,3565.5,3861.6,565240.0,0.0766
2018-12-29,3861.6,3899.6,3696.0,3706.8,505410.0,-0.0401
2018-12-30,3708.2,3837.7,3682.5,3815.0,519169.99999999994,0.0292
2018-12-31,3815.1,3819.6,3658.8,3709.4,545830.0,-0.0277
2019-01-01,3709.5,3814.3,3664.4,3809.4,469110.0,0.0269
2019-01-02,3809.7,3894.8,3768.1,3873.8,554470.0,0.0169
2019-01-03,3874.1,3875.8,3753.0,3780.1,450320.0,-0.0242
2019-01-04,3780.5,3823.9,3720.0,3802.7,488700.0,0.006
2019-01-05,3802.8,3846.7,3769.0,3785.4,468450.0,-0.0046
2019-01-06,3785.7,4034.1,3758.5,4004.1,529890.0,0.057800000000000004
2019-01-07,4004.3,4028.0,3945.5,3985.9,500880.0,-0.0045000000000000005
2019-01-08,3985.8,4070.5,3943.1,3971.0,514080.00000000006,-0.0037
2019-01-09,3971.0,4014.2,3957.5,3978.0,473420.0,0.0017000000000000001
2019-01-10,3978.9,4007.7,3562.1,3603.7,697310.0,-0.0941
2019-01-11,3603.3,3655.7,3563.1,3616.5,551640.0,0.0034999999999999996
2019-01-12,3616.6,3633.9,3561.3,3597.2,435060.0,-0.0053
2019-01-13,3597.3,3617.6,3473.2,3490.2,452790.0,-0.0298
2019-01-14,3490.4,3672.0,3490.4,3638.1,539930.0,0.0424
2019-01-15,3637.5,3660.8,3545.7,3571.3,544850.0,-0.0184
2019-01-16,3570.6,3644.1,3561.4,3588.0,487340.0,0.004699999999999999
2019-01-17,3588.1,3636.7,3554.8,3626.4,525100.0,0.010700000000000001
2019-01-18,3626.3,3627.9,3575.7,3605.6,488160.0,-0.005699999999999999
2019-01-19,3605.8,3715.2,3604.1,3677.8,537060.0,0.02
2019-01-20,3676.2,3699.1,3503.9,3542.3,563310.0,-0.0368
2019-01-21,3542.7,3561.4,3505.4,3536.7,394170.0,-0.0016
2019-01-22,3536.9,3607.9,3465.2,3580.1,447700.0,0.0123
2019-01-23,3580.1,3608.3,3532.8,3561.5,445870.0,-0.0052
2019-01-24,3561.4,3587.0,3539.7,3574.3,428600.0,0.0036
2019-01-25,3574.3,3582.6,3542.2,3572.0,448890.0,-0.0006
2019-01-26,3572.0,3652.5,3556.1,3570.9,432550.0,-0.0003
2019-01-27,3570.9,3583.2,3509.2,3555.6,464020.0,-0.0043
2019-01-28,3555.8,3561.2,3395.7,3442.8,620850.0,-0.0317
2019-01-29,3442.8,3450.1,3368.2,3414.8,585460.0,-0.008100000000000001
2019-01-30,3414.6,3479.0,3394.2,3460.0,600250.0,0.0132
2019-01-31,3460.0,3484.7,3427.0,3437.2,477070.0,-0.0066
2019-02-01,3437.7,3485.7,3415.3,3467.9,481580.0,0.009000000000000001
2019-02-02,3467.9,3514.5,3447.8,3502.5,443600.0,0.01
2019-02-03,3502.3,3507.8,3431.3,3459.1,451660.0,-0.0124
2019-02-04,3459.0,3479.7,3437.1,3462.8,503920.0,0.0011
2019-02-05,3463.0,3485.9,3450.3,3468.4,460950.0,0.0016
2019-02-06,3468.5,3478.0,3383.9,3404.3,514210.00000000006,-0.018500000000000003
2019-02-07,3404.9,3421.8,3390.3,3397.7,471360.0,-0.002
2019-02-08,3397.3,3721.1,3382.5,3661.7,699230.0,0.07769999999999999
2019-02-09,3661.6,3675.3,3633.2,3661.4,454800.0,-0.0001
2019-02-10,3661.0,3680.6,3617.1,3679.0,501900.0,0.0048
2019-02-11,3678.8,3681.1,3623.8,3631.8,517280.0,-0.0128
2019-02-12,3631.8,3656.4,3594.4,3632.0,545820.0,0.0001
2019-02-13,3632.0,3663.5,3599.2,3611.5,558020.0,-0.005600000000000001
2019-02-14,3611.5,3624.5,3580.2,3592.6,498140.0,-0.0052
2019-02-15,3592.6,3648.3,3581.4,3604.7,516210.00000000006,0.0034000000000000002
2019-02-16,3604.7,3641.9,3599.7,3616.8,485630.0,0.0034000000000000002
2019-02-17,3616.8,3689.9,3607.9,3664.2,580510.0,0.0131
2019-02-18,3664.2,3903.7,3655.1,3896.0,933150.0,0.0633
2019-02-19,3896.4,3993.8,3863.7,3914.3,1440000.0,0.004699999999999999
2019-02-20,3914.3,3983.6,3881.2,3972.4,698010.0,0.0148
2019-02-21,3972.0,4011.5,3909.2,3936.6,668160.0,-0.009000000000000001
2019-02-22,3937.4,3983.1,3931.7,3965.2,649550.0,0.0073
2019-02-23,3965.2,4152.6,3939.4,4120.4,727850.0,0.0391
2019-02-24,4120.5,4194.2,3738.7,3755.2,977780.0,-0.0886
2019-02-25,3755.7,3870.7,3753.8,3833.7,765870.0,0.0209
2019-02-26,3833.5,3845.5,3775.0,3810.3,2089999.9999999998,-0.0060999999999999995
2019-02-27,3810.3,3836.4,3701.9,3814.6,2820000.0,0.0011
2019-02-28,3814.6,3883.7,3783.3,3816.6,2310000.0,0.0005
2019-03-01,3816.7,3855.8,3816.4,3821.9,1740000.0,0.0014000000000000002
2019-03-02,3821.9,3843.2,3783.6,3823.1,1610000.0,0.0003
2019-03-03,3823.2,3836.6,3789.7,3809.5,1510000.0,-0.0036
2019-03-04,3809.7,3828.4,3681.8,3715.9,2850000.0,-0.0245
2019-03-05,3715.9,3873.2,3705.7,3857.2,3820000.0,0.038
2019-03-06,3857.2,3887.3,3816.7,3863.0,2520000.0,0.0015
2019-03-07,3863.1,3907.4,3847.9,3875.1,2600000.0,0.0032
2019-03-08,3875.1,3929.0,3810.7,3865.9,2960000.0,-0.0024
2019-03-09,3865.6,3964.0,3859.7,3944.3,2480000.0,0.0203
2019-03-10,3944.4,3944.5,3889.2,3915.2,1890000.0,-0.0074
2019-03-11,3915.2,3935.5,3842.4,3870.3,3190000.0,-0.0115
2019-03-12,3870.3,3900.1,3817.1,3886.0,2900000.0,0.0040999999999999995
2019-03-13,3885.9,3894.7,3847.4,3865.1,2280000.0,-0.0054
2019-03-14,3865.1,3914.7,3828.4,3879.0,2860000.0,0.0036
2019-03-15,3879.0,3935.7,3874.8,3924.3,3110000.0,0.011699999999999999
2019-03-16,3924.4,4050.6,3923.7,4006.4,3460000.0,0.0209
2019-03-17,4006.4,4009.8,3956.3,3981.5,1870000.0,-0.0062
2019-03-18,3981.5,4032.3,3958.5,3990.2,2620000.0,0.0022
2019-03-19,3990.2,4029.9,3972.4,4017.0,2990000.0,0.0067
2019-03-20,4017.0,4050.0,3985.3,4041.2,3180000.0,0.006
2019-03-21,4041.2,4064.0,3923.8,3982.2,3880000.0,-0.0146
2019-03-22,3982.2,4005.7,3971.8,3990.4,2830000.0,0.0021
2019-03-23,3990.4,4018.2,3980.8,4002.5,2000000.0,0.003
2019-03-24,4002.6,4005.7,3967.0,3994.7,2040000.0,-0.002
2019-03-25,3994.8,4000.5,3897.9,3937.0,2860000.0,-0.0144
2019-03-26,3937.1,3950.7,3899.9,3942.8,2530000.0,0.0015
2019-03-27,3942.8,4043.3,3936.2,4041.7,2780000.0,0.025099999999999997
2019-03-28,4041.7,4041.7,4008.4,4025.6,2110000.0,-0.004
2019-03-29,4025.7,4123.1,4022.6,4102.2,3300000.0,0.019
2019-03-30,4103.7,4138.1,4057.1,4111.8,2550000.0,0.0023
2019-03-31,4111.8,4121.9,4082.2,4102.3,2430000.0,-0.0023
2019-04-01,4102.3,4159.1,4076.8,4145.1,3220000.0,0.0104
2019-04-02,4145.1,4899.6,4143.5,4859.3,14770000.0,0.1723
2019-04-03,4859.3,5278.4,4814.0,4968.7,13830000.0,0.0225
2019-04-04,4968.7,5042.5,4789.2,4902.4,1050000.0,-0.013300000000000001
2019-04-05,4902.5,5029.4,4888.3,5010.2,851720.0,0.022000000000000002
2019-04-06,5010.0,5198.4,4947.9,5046.2,952180.0,0.0072
2019-04-07,5046.1,5219.5,5033.7,5173.6,841270.0,0.0253
2019-04-08,5173.5,5300.6,5060.5,5245.2,928230.0,0.0138
2019-04-09,5245.0,5245.9,5095.2,5158.4,784620.0,-0.0165
2019-04-10,5158.4,5404.1,5142.9,5307.8,837510.0,0.028900000000000002
2019-04-11,5307.7,5337.0,4948.0,5022.6,943490.0,-0.0537
2019-04-12,5022.7,5080.5,4889.2,5054.2,779140.0,0.0063
2019-04-13,5054.2,5093.4,5011.6,5051.8,577160.0,-0.0005
2019-04-14,5052.0,5153.5,5010.7,5134.8,566380.0,0.016399999999999998
2019-04-15,5135.1,5168.0,4964.2,5032.3,688200.0,-0.02
2019-04-16,5031.4,5198.4,5014.4,5180.9,631050.0,0.029500000000000002
2019-04-17,5182.1,5230.9,5165.5,5208.3,806520.0,0.0053
2019-04-18,5208.3,5293.1,5205.0,5264.7,727970.0,0.0108
2019-04-19,5264.8,5282.4,5192.1,5241.0,787090.0,-0.0045000000000000005
2019-04-20,5241.0,5327.0,5240.2,5290.2,782320.0,0.009399999999999999
2019-04-21,5290.2,5308.2,5189.8,5243.5,811410.0,-0.0088
2019-04-22,5248.2,5370.2,5170.2,5346.7,920770.0,0.0197
2019-04-23,5346.5,5594.4,5291.4,5511.6,900000.0,0.0308
2019-04-24,5511.2,5589.6,5346.8,5415.6,994040.0,-0.0174
2019-04-25,5415.6,5528.2,5137.4,5209.1,955360.0,-0.0381
2019-04-26,5209.2,5469.3,5159.3,5298.3,1030000.0,0.0171
2019-04-27,5298.2,5318.1,5225.4,5265.9,833130.0,-0.0060999999999999995
2019-04-28,5265.7,5332.5,5234.4,5302.3,681410.0,0.0069
2019-04-29,5302.4,5322.9,5188.9,5235.0,775820.0,-0.0127
2019-04-30,5235.4,5336.6,5195.9,5320.8,697420.0,0.016399999999999998
2019-05-01,5321.1,5396.3,5319.5,5384.2,623640.0,0.011899999999999999
2019-05-02,5384.6,5530.8,5370.0,5493.8,722230.0,0.0204
2019-05-03,5493.6,5844.2,5478.7,5766.8,1040000.0,0.049699999999999994
2019-05-04,5768.0,5899.2,5605.0,5830.9,920610.0,0.0111
2019-05-05,5830.8,5838.2,5708.2,5774.9,709020.0,-0.0096
2019-05-06,5775.1,5801.4,5630.5,5745.1,755390.0,-0.0052
2019-05-07,5745.5,6019.8,5745.5,5849.5,955880.0,0.0182
2019-05-08,5849.4,6011.3,5799.1,5990.3,757130.0,0.0241
2019-05-09,5990.5,6206.0,5990.0,6191.5,799960.0,0.0336
2019-05-10,6194.3,6466.6,6157.8,6386.0,907940.0,0.031400000000000004
2019-05-11,6386.6,7373.8,6386.5,7190.3,1310000.0,0.1259
2019-05-12,7190.0,7518.9,6802.6,6984.8,1350000.0,-0.0286
2019-05-13,6984.7,8058.3,6893.1,7806.0,1200000.0,0.1176
2019-05-14,7806.4,8323.9,7674.0,7994.6,1330000.0,0.0242
2019-05-15,7994.8,8225.3,7856.5,8164.6,1130000.0,0.0213
2019-05-16,8164.8,8293.3,7720.4,7871.8,1180000.0,-0.0359
2019-05-17,7871.9,7924.0,6998.6,7359.5,1430000.0,-0.06509999999999999
2019-05-18,7359.9,7458.5,7189.4,7262.6,865530.0,-0.0132
2019-05-19,7261.9,8253.4,7252.3,8157.2,1080000.0,0.1232
2019-05-20,8156.4,8156.4,7604.0,7965.3,958810.0,-0.0235
2019-05-21,7965.0,8056.8,7813.2,7930.3,804880.0,-0.0044
2019-05-22,7928.7,7999.0,7545.9,7635.7,821400.0,-0.037200000000000004
2019-05-23,7637.2,7939.1,7486.8,7852.1,815140.0,0.028300000000000002
2019-05-24,7852.8,8124.1,7775.4,7970.1,868470.0,0.015
2019-05-25,7971.4,8090.1,7919.1,8027.4,691270.0,0.0072
2019-05-26,8029.6,8718.6,7866.5,8630.2,872120.0,0.0751
2019-05-27,8628.9,8902.8,8607.3,8760.1,907960.0,0.0151
2019-05-28,8759.4,8794.1,8568.8,8716.3,763200.0,-0.005
2019-05-29,8715.6,8747.2,8435.3,8647.8,15430000.0,-0.0079
2019-05-30,8647.8,9045.9,8054.7,8271.9,1040000.0,-0.0435
2019-05-31,8271.4,8578.8,8135.0,8558.3,858410.0,0.0346
2019-06-01,8556.9,8615.8,8454.0,8545.7,686750.0,-0.0015
2019-06-02,8545.8,8807.7,8534.8,8728.6,614540.0,0.021400000000000002
2019-06-03,8728.6,8734.9,8102.7,8124.8,739450.0,-0.0692
2019-06-04,8118.1,8118.1,7494.0,7685.5,966950.0,-0.0541
2019-06-05,7685.6,7885.0,7590.4,7779.1,762940.0,0.012199999999999999
2019-06-06,7779.6,7861.4,7480.4,7784.9,651820.0,0.0008
2019-06-07,7785.8,8099.4,7749.4,7985.2,588870.0,0.025699999999999997
2019-06-08,7985.3,8044.4,7770.5,7901.4,485810.0,-0.0105
2019-06-09,7901.6,7937.5,7516.9,7635.0,554480.0,-0.0337
2019-06-10,7635.0,8012.8,7523.6,7987.8,641380.0,0.0462
2019-06-11,7987.8,8010.4,7714.5,7888.0,579000.0,-0.0125
2019-06-12,7888.0,8198.1,7805.8,8133.1,607890.0,0.0311
2019-06-13,8132.4,8306.1,8028.6,8219.0,574210.0,0.0106
2019-06-14,8218.6,8685.3,8153.2,8656.1,643170.0,0.053200000000000004
2019-06-15,8655.8,8856.7,8582.3,8812.5,608690.0,0.0181
2019-06-16,8812.2,9332.0,8771.1,8962.5,849770.0,0.017
2019-06-17,8961.0,9438.1,8959.8,9318.8,738800.0,0.0398
2019-06-18,9318.9,9336.1,8962.7,9080.6,723170.0,-0.0256
2019-06-19,9080.7,9295.1,9044.0,9255.4,587570.0,0.019299999999999998
2019-06-20,9255.0,9583.9,9188.4,9517.0,693620.0,0.028300000000000002
2019-06-21,9517.7,10184.3,9517.4,10179.3,769120.0,0.0696
2019-06-22,10178.1,11160.5,10031.3,10721.7,1090000.0,0.0533
2019-06-23,10721.5,11361.3,10557.8,10897.1,683790.0,0.016399999999999998
2019-06-24,10897.3,11114.4,10622.6,11046.4,566960.0,0.0137
2019-06-25,11046.6,11833.9,11033.7,11809.9,781090.0,0.0691
2019-06-26,11811.6,13929.8,11747.3,13063.8,1480000.0,0.10619999999999999
2019-06-27,13062.4,13422.0,10493.5,11287.8,1590000.0,-0.1359
2019-06-28,11288.4,12461.8,10970.5,12409.1,1090000.0,0.0993
2019-06-29,12408.0,12422.9,11490.8,11906.5,834620.0,-0.0405
2019-06-30,11906.0,12179.3,10765.4,10818.6,880770.0,-0.09140000000000001
2019-07-01,10821.4,11254.5,10041.6,10616.6,1040000.0,-0.0187
2019-07-02,10615.5,10923.5,9728.5,10835.9,1120000.0,0.0207
2019-07-03,10835.9,11931.8,10835.9,11900.8,998730.0,0.0983
2019-07-04,11899.3,11948.0,11087.1,11163.1,840340.0,-0.062
2019-07-05,11159.7,11381.8,10810.3,10970.2,772670.0,-0.0173
2019-07-06,10969.8,11650.2,10967.9,11268.0,688960.0,0.0271
2019-07-07,11267.9,11524.6,11108.1,11415.9,601930.0,0.0131
2019-07-08,11415.8,12332.3,11304.8,12252.6,695600.0,0.0733
2019-07-09,12250.6,12772.9,12111.2,12541.5,847840.0,0.0236
2019-07-10,12542.8,13134.4,11594.9,12110.6,1110000.0,-0.0344
2019-07-11,12111.6,12111.6,11029.0,11342.3,943130.0,-0.0634
2019-07-12,11343.7,11881.4,11109.8,11762.1,738170.0,0.037000000000000005
2019-07-13,11762.8,11798.4,10839.4,11364.9,747710.0,-0.0338
2019-07-14,11364.3,11448.7,10128.9,10200.1,840760.0,-0.1025
2019-07-15,10199.9,11064.7,9885.4,10845.9,956520.0,0.0633
2019-07-16,10844.0,11019.5,9375.3,9424.8,1050000.0,-0.131
2019-07-17,9425.1,9983.6,9082.6,9723.2,1030000.0,0.0317
2019-07-18,9723.1,10787.1,9390.0,10651.4,974490.0,0.0955
2019-07-19,10651.6,10758.4,10160.7,10571.5,727790.0,-0.0075
2019-07-20,10571.9,11155.6,10462.0,10826.7,668940.0,0.0241
2019-07-21,10827.0,10883.8,10442.5,10714.4,562170.0,-0.0104
2019-07-22,10715.1,10806.3,10196.5,10412.5,591270.0,-0.0282
2019-07-23,10412.8,10414.7,9865.4,9888.7,663380.0,-0.050300000000000004
2019-07-24,9887.2,9945.3,9584.0,9804.3,639540.0,-0.0085
2019-07-25,9804.7,10203.5,9776.6,9945.3,545850.0,0.0144
2019-07-26,9945.2,10436.1,9724.2,9831.0,493750.0,-0.0115
2019-07-27,9830.4,10232.3,9389.1,9492.1,661890.0,-0.0345
2019-07-28,9491.1,9798.5,9401.1,9727.8,518590.00000000006,0.0248
2019-07-29,9728.5,9835.4,9502.5,9580.9,510900.0,-0.0151
2019-07-30,9580.0,9703.0,9483.0,9580.7,511510.0,-0.0
2019-07-31,9580.3,10100.0,9562.4,10082.0,589840.0,0.052300000000000006
2019-08-01,10081.9,10459.0,9890.6,10380.0,608370.0,0.0296
2019-08-02,10380.5,10664.8,10330.5,10520.1,578290.0,0.013500000000000002
2019-08-03,10519.9,10893.6,10504.5,10815.7,508750.0,0.0281
2019-08-04,10816.1,11017.7,10568.8,10934.6,585710.0,0.011000000000000001
2019-08-05,10934.8,11922.3,10934.8,11816.8,769630.0,0.08070000000000001
2019-08-06,11817.6,12291.9,11237.0,11480.9,807580.0,-0.028399999999999998
2019-08-07,11481.0,12114.5,11406.4,12013.9,702850.0,0.0464
2019-08-08,12015.9,12236.6,11727.0,12191.6,592150.0,0.0148
2019-08-09,12190.0,12225.3,11885.0,12089.8,558720.0,-0.0084
2019-08-10,12090.5,12185.0,11281.6,11314.5,570740.0,-0.0641
2019-08-11,11314.6,11728.4,11146.1,11517.2,435830.0,0.0179
2019-08-12,11505.1,11508.6,11267.3,11394.2,391080.0,-0.010700000000000001
2019-08-13,11395.0,11445.6,10793.2,10892.9,540780.0,-0.044000000000000004
2019-08-14,10894.2,10894.5,9965.5,10049.4,745590.0,-0.0774
2019-08-15,10053.3,10448.2,9580.1,10303.4,930050.0,0.0253
2019-08-16,10300.9,10734.0,9788.6,10335.6,798670.0,0.0031
2019-08-17,10335.5,10460.7,10016.3,10218.1,497770.0,-0.011399999999999999
2019-08-18,10219.3,10494.9,10086.7,10312.7,441110.0,0.009300000000000001
2019-08-19,10312.8,10923.9,10267.8,10910.7,519010.0,0.057999999999999996
2019-08-20,10911.2,10941.6,10581.0,10752.6,515470.0,-0.014499999999999999
2019-08-21,10753.3,10797.8,9908.0,10141.5,717650.0,-0.056799999999999996
2019-08-22,10141.1,10218.2,9777.0,10105.0,520750.0,-0.0036
2019-08-23,10104.9,10434.3,9921.4,10388.7,436260.0,0.0281
2019-08-24,10389.4,10415.9,9917.5,10131.0,463850.0,-0.0248
2019-08-25,10132.1,10307.0,9935.2,10136.3,422530.0,0.0005
2019-08-26,10136.0,10568.2,10136.0,10371.8,568770.0,0.0232
2019-08-27,10372.2,10387.6,10060.2,10184.8,419810.0,-0.018000000000000002
2019-08-28,10184.7,10271.3,9629.6,9729.4,580290.0,-0.0447
2019-08-29,9729.1,9729.1,9343.0,9491.0,509130.0,-0.0245
2019-08-30,9494.1,9675.7,9370.2,9585.4,413920.0,0.009899999999999999
2019-08-31,9585.5,9677.5,9457.3,9594.4,311490.0,0.0009
2019-09-01,9594.7,9799.5,9533.6,9729.3,322660.0,0.0141
2019-09-02,9728.8,10431.5,9720.3,10348.8,542790.0,0.0637
2019-09-03,10348.1,10756.8,10283.5,10612.3,578790.0,0.0255
2019-09-04,10611.6,10783.6,10388.6,10568.2,504450.0,-0.0042
2019-09-05,10567.8,10630.7,10469.9,10566.9,402090.0,-0.0001
2019-09-06,10566.7,10896.2,10227.4,10309.3,643020.0,-0.024399999999999998
2019-09-07,10306.9,10556.4,10302.3,10461.1,393570.0,0.0147
2019-09-08,10461.6,10578.0,10266.3,10402.8,339730.0,-0.005600000000000001
2019-09-09,10402.1,10478.0,10095.7,10309.0,473760.0,-0.009000000000000001
2019-09-10,10308.7,10379.8,9970.7,10105.4,383220.0,-0.019799999999999998
2019-09-11,10104.9,10257.5,9908.9,10162.5,413060.0,0.005699999999999999
2019-09-12,10162.4,10447.9,10051.0,10415.1,413220.0,0.024900000000000002
2019-09-13,10415.2,10441.4,10174.1,10342.1,365520.0,-0.006999999999999999
2019-09-14,10342.2,10421.4,10253.7,10337.3,326440.0,-0.0005
2019-09-15,10337.3,10360.4,10272.0,10311.5,255790.0,-0.0025
2019-09-16,10311.3,10360.5,10108.5,10255.5,372530.0,-0.0054
2019-09-17,10254.6,10273.6,10153.5,10195.7,321640.0,-0.0058
2019-09-18,10195.7,10257.5,10119.3,10164.7,318820.0,-0.003
2019-09-19,10164.6,10297.6,9707.6,10250.5,542250.0,0.0084
2019-09-20,10251.5,10279.5,10088.6,10172.7,362070.0,-0.0076
2019-09-21,10172.8,10177.9,9939.8,9993.0,326170.0,-0.0177
2019-09-22,9993.0,10075.0,9870.9,10031.6,337060.0,0.0039000000000000003
2019-09-23,10031.3,10048.8,9656.3,9702.2,431100.0,-0.032799999999999996
2019-09-24,9702.7,9793.8,8069.4,8513.9,933160.0,-0.1225
2019-09-25,8512.3,8729.8,8245.1,8432.4,696110.0,-0.0096
2019-09-26,8432.5,8463.1,7773.6,8063.8,731030.0,-0.0437
2019-09-27,8063.8,8257.4,7882.1,8184.9,561400.0,0.015
2019-09-28,8184.5,8297.2,8031.1,8208.5,457790.0,0.0029
2019-09-29,8208.0,8226.8,7922.1,8049.1,418480.0,-0.0194
2019-09-30,8048.9,8318.5,7749.0,8284.3,600260.0,0.0292
2019-10-01,8285.0,8486.2,8187.9,8302.7,533950.0,0.0022
2019-10-02,8302.7,8374.0,8167.7,8364.1,405860.0,0.0074
2019-10-03,8363.6,8391.7,8090.1,8226.9,460970.0,-0.016399999999999998
2019-10-04,8227.6,8233.6,8041.4,8148.1,416920.0,-0.0096
2019-10-05,8148.0,8185.1,8030.6,8127.3,360920.0,-0.0025
2019-10-06,8127.3,8145.5,7834.9,7881.9,448800.0,-0.0302
2019-10-07,7882.6,8293.5,7797.0,8198.6,604740.0,0.04019999999999999
2019-10-08,8198.5,8323.1,8118.1,8182.9,469040.0,-0.0019
2019-10-09,8180.1,8655.9,8122.7,8566.7,636430.0,0.046900000000000004
2019-10-10,8566.8,8638.5,8438.7,8562.3,511460.0,-0.0005
2019-10-11,8562.2,8751.1,8249.7,8267.8,667860.0,-0.0344
2019-10-12,8267.6,8394.8,8260.9,8304.4,424020.0,0.0044
2019-10-13,8304.3,8450.2,8190.6,8281.5,419870.0,-0.0028000000000000004
2019-10-14,8281.3,8374.3,8222.2,8353.3,505020.0,0.0087
2019-10-15,8353.4,8400.2,8139.5,8167.2,469730.0,-0.0223
2019-10-16,8167.1,8185.9,7929.8,8000.4,538920.0,-0.0204
2019-10-17,8000.4,8118.2,7944.4,8073.3,444950.0,0.0091
2019-10-18,8073.3,8116.4,7842.0,7948.5,505790.0,-0.0155
2019-10-19,7948.3,8060.2,7892.4,7957.3,428830.0,0.0011
2019-10-20,7957.4,8288.5,7889.6,8223.4,513909.99999999994,0.0334
2019-10-21,8224.1,8315.3,8155.7,8208.2,489400.0,-0.0018
2019-10-22,8207.4,8289.1,8017.7,8031.4,570390.0,-0.0215
2019-10-23,8031.0,8055.0,7329.2,7477.0,892080.0,-0.069
2019-10-24,7476.8,7501.5,7366.3,7422.7,586490.0,-0.0073
2019-10-25,7422.8,8697.7,7404.9,8658.3,1180000.0,0.16649999999999998
2019-10-26,8658.4,10540.0,8061.8,9230.6,1780000.0,0.0661
2019-10-27,9230.6,9773.2,9081.0,9529.6,1160000.0,0.032400000000000005
2019-10-28,9530.1,9866.9,9202.5,9207.2,1040000.0,-0.0338
2019-10-29,9206.5,9531.3,9125.3,9411.3,918480.0,0.0222
2019-10-30,9411.3,9411.3,9018.4,9157.9,789730.0,-0.0269
2019-10-31,9157.9,9378.9,8959.6,9152.6,798930.0,-0.0006
2019-11-01,9153.1,9270.4,9057.2,9230.1,689650.0,0.0085
2019-11-02,9230.3,9356.7,9201.2,9300.6,570740.0,0.0076
2019-11-03,9300.5,9359.1,9095.0,9198.3,536560.0,-0.011000000000000001
2019-11-04,9198.7,9500.4,9134.1,9396.4,681010.0,0.0215
2019-11-05,9396.1,9452.7,9193.9,9310.8,653420.0,-0.0091
2019-11-06,9311.2,9424.6,9262.7,9338.9,578030.0,0.003
2019-11-07,9339.2,9367.0,9130.0,9223.5,603540.0,-0.0124
2019-11-08,9223.6,9254.8,8722.4,8778.2,791790.0,-0.0483
2019-11-09,8778.1,8877.5,8746.9,8804.5,512020.0,0.003
2019-11-10,8804.7,9092.9,8763.5,9036.8,581570.0,0.0264
2019-11-11,9036.9,9066.4,8649.4,8736.9,601160.0,-0.0332
2019-11-12,8737.4,8841.2,8615.7,8812.6,575160.0,0.0087
2019-11-13,8813.2,8829.7,8721.1,8783.1,454330.0,-0.0033
2019-11-14,8782.9,8799.8,8615.8,8661.2,515429.99999999994,-0.0139
2019-11-15,8660.8,8761.8,8437.1,8476.3,653710.0,-0.0213
2019-11-16,8476.2,8532.8,8450.7,8497.3,471160.0,0.0025
2019-11-17,8497.4,8631.7,8413.0,8509.8,531220.0,0.0015
2019-11-18,8510.3,8516.3,8110.4,8208.4,692600.0,-0.0354
2019-11-19,8207.7,8245.6,8032.8,8145.7,654270.0,-0.0076
2019-11-20,8145.7,8223.0,8074.2,8099.3,607270.0,-0.005699999999999999
2019-11-21,8099.4,8129.6,7519.7,7627.9,891500.0,-0.0582
2019-11-22,7627.9,7700.9,6818.5,7272.5,1410000.0,-0.0466
2019-11-23,7271.6,7342.5,7093.7,7324.1,783180.0,0.0070999999999999995
2019-11-24,7325.0,7344.1,6894.9,6924.7,904500.0,-0.0545
2019-11-25,6924.7,7352.8,6534.8,7115.6,1290000.0,0.0276
2019-11-26,7115.5,7329.5,7045.1,7162.8,844270.0,0.0066
2019-11-27,7162.8,7636.9,6875.4,7510.6,996490.0,0.048600000000000004
2019-11-28,7510.6,7639.5,7380.6,7426.7,737580.0,-0.011200000000000002
2019-11-29,7426.6,7825.3,7412.3,7742.7,766710.0,0.0426
2019-11-30,7742.7,7787.7,7472.7,7546.6,650600.0,-0.0253
2019-12-01,7546.5,7546.5,7244.4,7396.4,777000.0,-0.0199
2019-12-02,7395.9,7433.8,7173.6,7298.2,687780.0,-0.013300000000000001
2019-12-03,7298.1,7389.4,7227.1,7291.8,548770.0,-0.0009
2019-12-04,7291.9,7702.2,7113.6,7204.4,971750.0,-0.012
2019-12-05,7204.6,7476.3,7184.0,7399.2,780780.0,0.027000000000000003
2019-12-06,7399.2,7552.1,7329.8,7530.8,706100.0,0.0178
2019-12-07,7530.4,7595.7,7489.6,7510.9,557140.0,-0.0026
2019-12-08,7510.8,7576.4,7416.7,7524.4,499040.0,0.0018
2019-12-09,7524.8,7626.0,7321.6,7355.8,648660.0,-0.022400000000000003
2019-12-10,7356.2,7400.3,7192.1,7235.7,609500.0,-0.0163
2019-12-11,7235.8,7284.4,7168.8,7208.0,518400.0,-0.0038
2019-12-12,7208.0,7272.4,7124.6,7208.0,611800.0,0.0
2019-12-13,7208.4,7288.0,7200.3,7255.2,503490.0,0.006500000000000001
2019-12-14,7255.2,7267.4,7043.3,7080.8,524560.0,-0.024
2019-12-15,7080.8,7175.8,7033.8,7128.5,492580.0,0.0067
2019-12-16,7128.5,7153.1,6864.6,6903.5,689560.0,-0.0316
2019-12-17,6903.5,6943.5,6575.0,6613.3,894550.0,-0.042
2019-12-18,6613.5,7387.7,6462.2,7276.0,1140000.0,0.1002
2019-12-19,7276.4,7354.0,7039.3,7165.5,778720.0,-0.0152
2019-12-20,7165.5,7218.4,7107.7,7196.4,627040.0,0.0043
2019-12-21,7196.4,7197.6,7129.6,7156.2,468740.0,-0.005600000000000001
2019-12-22,7156.3,7501.1,7142.0,7495.8,677940.0,0.047400000000000005
2019-12-23,7496.2,7684.0,7276.2,7322.8,952160.0,-0.0231
2019-12-24,7322.4,7433.2,7185.7,7268.3,785540.0,-0.0074
2019-12-25,7268.3,7542.4,7150.9,7224.8,625410.0,-0.006
2019-12-26,7225.0,7414.3,7177.3,7210.9,795090.0,-0.0019
2019-12-27,7210.8,7293.8,7128.5,7261.7,718070.0,0.006999999999999999
2019-12-28,7261.9,7375.9,7256.5,7321.5,610960.0,0.008199999999999999
2019-12-29,7321.6,7518.9,7303.0,7397.5,611690.0,0.0104
2019-12-30,7397.5,7420.9,7244.1,7261.8,606110.0,-0.0184
2019-12-31,7261.5,7331.0,7167.4,7196.4,586600.0,-0.009000000000000001
2020-01-01,7196.4,7259.4,7180.0,7199.8,420280.0,0.0005
2020-01-02,7199.7,7209.6,6901.4,6967.0,632780.0,-0.0323
2020-01-03,6967.1,7402.9,6884.1,7343.1,936290.0,0.054000000000000006
2020-01-04,7345.1,7433.1,7291.4,7376.8,523909.99999999994,0.0046
2020-01-05,7376.8,7501.0,7345.6,7372.5,628140.0,-0.0006
2020-01-06,7372.6,7783.1,7366.7,7759.1,786750.0,0.0524
2020-01-07,7759.1,8182.0,7754.1,8155.7,1010000.0,0.051100000000000007
2020-01-08,8154.2,8436.4,7900.8,8059.6,1190000.0,-0.0118
2020-01-09,8060.0,8065.9,7779.2,7842.4,786500.0,-0.027000000000000003
2020-01-10,7842.5,8187.4,7697.7,8187.1,1050000.0,0.044000000000000004
2020-01-11,8187.8,8262.9,8008.4,8024.1,776750.0,-0.0199
2020-01-12,8023.3,8189.9,7973.1,8187.6,595220.0,0.0204
2020-01-13,8188.3,8196.7,8068.4,8111.4,610660.0,-0.009300000000000001
2020-01-14,8111.2,8898.7,8111.2,8829.2,1480000.0,0.0885
2020-01-15,8827.9,8904.0,8615.5,8818.3,1170000.0,-0.0012
2020-01-16,8818.1,8850.0,8605.8,8726.9,748320.0,-0.0104
2020-01-17,8726.7,9005.1,8675.9,8913.1,794110.0,0.0213
2020-01-18,8913.0,8982.3,8814.6,8916.3,627740.0,0.0004
2020-01-19,8916.3,9183.7,8552.8,8706.2,975010.0,-0.0236
2020-01-20,8705.7,8740.1,8539.2,8641.9,599060.0,-0.0074
2020-01-21,8642.0,8770.3,8524.0,8732.6,540200.0,0.0105
2020-01-22,8733.0,8805.4,8610.8,8678.5,509060.0,-0.0062
2020-01-23,8678.5,8687.3,8309.6,8405.1,722670.0,-0.0315
2020-01-24,8404.9,8522.0,8242.6,8439.9,617020.0,0.0040999999999999995
2020-01-25,8439.9,8447.6,8277.2,8341.6,444000.0,-0.011699999999999999
2020-01-26,8341.6,8607.8,8304.9,8607.8,468340.0,0.0319
2020-01-27,8608.1,8983.1,8585.6,8866.6,706450.0,0.0301
2020-01-28,8866.6,9389.5,8866.6,9377.3,954200.0,0.0576
2020-01-29,9377.3,9428.7,9250.9,9298.9,749880.0,-0.0084
2020-01-30,9299.1,9569.0,9209.2,9507.3,765210.0,0.022400000000000003
2020-01-31,9508.3,9525.0,9222.3,9349.1,633370.0,-0.0166
2020-02-01,9349.3,9458.8,9301.5,9381.6,458420.0,0.0034999999999999996
2020-02-02,9381.5,9465.4,9183.1,9334.9,683370.0,-0.005
2020-02-03,9334.6,9582.8,9243.1,9296.6,701390.0,-0.0040999999999999995
2020-02-04,9296.5,9347.5,9193.9,9193.9,651680.0,-0.011000000000000001
2020-02-05,9194.1,9726.8,9179.9,9611.8,771460.0,0.0454
2020-02-06,9611.8,9854.9,9536.1,9772.0,778670.0,0.0167
2020-02-07,9771.9,9872.5,9738.7,9818.6,608960.0,0.0048
2020-02-08,9817.3,9931.2,9673.2,9895.5,551310.0,0.0078000000000000005
2020-02-09,9895.4,10157.1,9882.7,10151.5,617350.0,0.0259
2020-02-10,10151.5,10181.7,9774.8,9854.1,781220.0,-0.029300000000000003
2020-02-11,9854.0,10314.1,9725.1,10229.5,791280.0,0.0381
2020-02-12,10229.3,10435.6,10229.3,10317.7,803250.0,0.0086
2020-02-13,10321.9,10482.6,10116.9,10235.1,940300.0,-0.008
2020-02-14,10235.5,10372.4,10125.2,10333.0,732510.0,0.0096
2020-02-15,10336.0,10369.8,9831.7,9907.7,808810.0,-0.0412
2020-02-16,9907.4,10056.4,9654.9,9932.3,808910.0,0.0025
2020-02-17,9931.7,9951.5,9468.9,9701.4,961880.0,-0.0232
2020-02-18,9701.5,10230.1,9601.6,10158.4,945910.0,0.0471
2020-02-19,10158.6,10230.9,9424.3,9609.4,905950.0,-0.054000000000000006
2020-02-20,9611.9,9681.4,9448.9,9602.4,870800.0,-0.0007000000000000001
2020-02-21,9602.2,9747.1,9574.5,9684.5,716610.0,0.0085
2020-02-22,9684.5,9706.5,9569.8,9655.7,589880.0,-0.003
2020-02-23,9655.6,9965.6,9653.4,9942.7,775880.0,0.0297
2020-02-24,9943.2,9981.0,9507.0,9662.7,980000.0,-0.0282
2020-02-25,9662.6,9672.3,9269.8,9317.2,937970.0,-0.035699999999999996
2020-02-26,9317.1,9368.1,8672.0,8800.3,1320000.0,-0.0555
2020-02-27,8800.1,8968.3,8538.5,8818.6,1130000.0,0.0021
2020-02-28,8820.1,8898.7,8451.9,8697.5,1080000.0,-0.0137
2020-02-29,8697.1,8793.7,8539.8,8543.7,683440.0,-0.0177
2020-03-01,8543.8,8737.2,8437.2,8540.0,784050.0,-0.0004
2020-03-02,8537.5,8961.8,8503.1,8904.8,1020000.0,0.042699999999999995
2020-03-03,8906.1,8911.7,8669.3,8761.4,1010000.0,-0.0161
2020-03-04,8761.3,8840.3,8679.7,8757.9,759690.0,-0.0004
2020-03-05,8757.9,9147.3,8751.5,9060.3,950760.0,0.0345
2020-03-06,9060.6,9165.2,9004.9,9134.8,1040000.0,0.008199999999999999
2020-03-07,9134.2,9180.8,8848.7,8887.8,750650.0,-0.027000000000000003
2020-03-08,8887.8,8888.0,8015.3,8034.1,1110000.0,-0.09609999999999999
2020-03-09,8035.8,8158.8,7648.7,7933.0,1540000.0,-0.0126
2020-03-10,7933.0,8145.5,7740.2,7891.2,1200000.0,-0.0053
2020-03-11,7892.1,7976.5,7606.0,7935.1,1100000.0,0.005600000000000001
2020-03-12,7935.2,7963.1,4546.6,4826.0,3220000.0,-0.3918
2020-03-13,4815.2,5934.3,3869.5,5584.3,4170000.0,0.15710000000000002
2020-03-14,5589.4,5634.9,5072.2,5182.7,1690000.0,-0.0719
2020-03-15,5182.9,5863.3,5120.6,5366.3,1610000.0,0.0354
2020-03-16,5366.4,5369.3,4477.7,5030.0,2550000.0,-0.06269999999999999
2020-03-17,5030.2,5432.8,4946.5,5261.1,1890000.0,0.045899999999999996
2020-03-18,5260.7,5373.1,5020.9,5361.4,1800000.0,0.0191
2020-03-19,5359.2,6379.5,5256.0,6172.0,2180000.0,0.1512
2020-03-20,6171.6,6858.1,5748.2,6205.3,2220000.0,0.0054
2020-03-21,6205.6,6438.3,5887.0,6186.2,1640000.0,-0.0031
2020-03-22,6186.9,6394.4,5771.2,5822.1,1480000.0,-0.058899999999999994
2020-03-23,5822.0,6564.7,5710.8,6468.9,1880000.0,0.11109999999999999
2020-03-24,6468.8,6814.2,6380.8,6744.6,1730000.0,0.0426
2020-03-25,6744.8,6930.2,6474.6,6678.9,1520000.0,-0.0097
2020-03-26,6677.9,6772.9,6541.7,6725.1,1180000.0,0.0069
2020-03-27,6725.5,6813.7,6322.3,6373.4,1160000.0,-0.052300000000000006
2020-03-28,6373.4,6374.3,6046.5,6233.7,1260000.0,-0.0219
2020-03-29,6233.2,6258.8,5889.3,5890.4,916170.0,-0.055099999999999996
2020-03-30,5890.4,6576.5,5872.5,6391.0,1430000.0,0.085
2020-03-31,6391.1,6513.1,6346.3,6412.5,1050000.0,0.0034000000000000002
2020-04-01,6412.4,6661.3,6157.4,6638.5,1400000.0,0.0352
2020-04-02,6638.8,7182.7,6567.9,6800.5,1740000.0,0.024399999999999998
2020-04-03,6799.9,7026.3,6623.6,6735.9,1350000.0,-0.0095
2020-04-04,6735.9,6958.6,6679.1,6857.4,1050000.0,0.018000000000000002
2020-04-05,6857.5,6889.4,6686.0,6772.7,842330.0,-0.0123
2020-04-06,6772.8,7335.0,6770.1,7332.3,1530000.0,0.08259999999999999
2020-04-07,7332.3,7440.3,7101.7,7185.2,1320000.0,-0.020099999999999996
2020-04-08,7185.6,7396.1,7153.1,7361.2,983940.0,0.0245
2020-04-09,7361.1,7361.1,7140.3,7289.0,963550.0,-0.0098
2020-04-10,7289.0,7294.4,6756.1,6863.1,1370000.0,-0.0584
2020-04-11,6862.7,6931.4,6765.1,6867.8,845580.0,0.0007000000000000001
2020-04-12,6867.9,7158.8,6785.1,6917.6,1100000.0,0.0073
2020-04-13,6918.1,6920.3,6618.5,6841.3,1250000.0,-0.011000000000000001
2020-04-14,6841.8,6970.8,6768.6,6850.9,999530.0,0.0014000000000000002
2020-04-15,6851.3,6929.5,6615.9,6629.1,1000000.0,-0.032400000000000005
2020-04-16,6629.1,7159.7,6520.5,7085.6,1540000.0,0.0689
2020-04-17,7085.5,7142.8,7005.8,7035.8,810100.0,-0.006999999999999999
2020-04-18,7035.9,7259.4,7031.5,7230.8,796450.0,0.0277
2020-04-19,7230.9,7238.0,7079.1,7122.9,5930000.0,-0.0149
2020-04-20,7122.9,7207.5,6771.2,6833.5,1260000.0,-0.0406
2020-04-21,6833.4,6919.3,6774.3,6842.5,892570.0,0.0013
2020-04-22,6842.5,7137.4,6821.8,7112.9,914180.0,0.0395
2020-04-23,7112.8,7655.4,7036.5,7488.5,1340000.0,0.0528
2020-04-24,7491.3,7583.5,7423.5,7503.8,951950.0,0.002
2020-04-25,7503.9,7684.6,7451.0,7540.4,861930.0,0.0049
2020-04-26,7540.4,7679.4,7520.5,7678.9,921590.0,0.0184
2020-04-27,7679.4,7768.5,7637.7,7766.0,980500.0,0.0113
2020-04-28,7766.0,7770.1,7655.3,7746.9,808090.0,-0.0025
2020-04-29,7746.7,8918.5,7729.7,8770.9,1830000.0,0.1322
2020-04-30,8770.6,9437.5,8425.5,8629.0,2040000.0,-0.016200000000000003
2020-05-01,8628.6,9040.3,8621.0,8821.6,1110000.0,0.0223
2020-05-02,8821.6,8986.2,8771.3,8966.3,890340.0,0.016399999999999998
2020-05-03,8966.2,9169.9,8742.2,8885.5,1150000.0,-0.009000000000000001
2020-05-04,8885.5,8945.5,8553.2,8874.7,1120000.0,-0.0012
2020-05-05,8874.2,9078.7,8800.4,9001.0,1050000.0,0.014199999999999999
2020-05-06,9000.6,9373.7,8923.6,9151.4,1620000.0,0.0167
2020-05-07,9152.7,10033.0,9064.8,9979.8,1910000.0,0.09050000000000001
2020-05-08,9980.1,10018.2,9731.4,9806.2,1420000.0,-0.0174
2020-05-09,9806.0,9910.5,9533.6,9554.6,1490000.0,-0.025699999999999997
2020-05-10,9553.9,9569.4,8259.3,8738.8,2470000.0,-0.08539999999999999
2020-05-11,8737.6,9129.6,8235.6,8579.8,2290000.0,-0.0182
2020-05-12,8569.8,8964.5,8542.8,8813.8,1350000.0,0.0273
2020-05-13,8813.9,9384.6,8799.1,9298.7,1500000.0,0.055
2020-05-14,9298.7,9887.5,9265.8,9778.4,1770000.0,0.0516
2020-05-15,9778.6,9819.6,9223.2,9318.0,1560000.0,-0.0471
2020-05-16,9318.1,9579.0,9233.0,9379.5,1100000.0,0.0066
2020-05-17,9376.6,9866.0,9327.8,9677.7,1180000.0,0.0318
2020-05-18,9678.4,9930.2,9524.4,9730.7,1180000.0,0.0055000000000000005
2020-05-19,9730.8,9883.9,9498.7,9773.3,1160000.0,0.0044
2020-05-20,9773.0,9829.3,9368.4,9512.3,1150000.0,-0.026699999999999998
2020-05-21,9511.6,9567.1,8833.6,9059.0,1410000.0,-0.047599999999999996
2020-05-22,9058.2,9253.5,8952.1,9169.7,914590.0,0.012199999999999999
2020-05-23,9169.8,9303.2,9098.9,9177.0,812560.0,0.0008
2020-05-24,9177.9,9292.0,8724.1,8728.2,1110000.0,-0.0489
2020-05-25,8728.0,8959.5,8666.1,8898.2,941890.0,0.0195
2020-05-26,8897.7,8994.6,8713.9,8842.5,784920.0,-0.0063
2020-05-27,8842.3,9210.9,8818.6,9199.1,810890.0,0.0403
2020-05-28,9199.8,9610.8,9119.2,9572.2,948860.0,0.0406
2020-05-29,9573.4,9596.5,9358.1,9424.8,814330.0,-0.0154
2020-05-30,9424.8,9729.9,9352.7,9692.5,720620.0,0.028399999999999998
2020-05-31,9692.9,9695.6,9406.2,9454.8,645270.0,-0.0245
2020-06-01,9454.5,10301.8,9429.7,10189.3,796680.0,0.07769999999999999
2020-06-02,10190.7,10207.3,9347.3,9527.6,1060000.0,-0.0649
2020-06-03,9527.0,9667.2,9421.7,9667.2,558120.0,0.0147
2020-06-04,9667.2,9864.4,9490.9,9794.4,593660.0,0.0132
2020-06-05,9794.0,9846.1,9628.7,9631.2,527050.0,-0.0167
2020-06-06,9630.8,9733.1,9549.5,9669.6,370850.0,0.004
2020-06-07,9669.6,9791.8,9417.4,9742.6,549200.0,0.0076
2020-06-08,9743.4,9788.2,9662.3,9777.9,431040.0,0.0036
2020-06-09,9777.7,9857.2,9616.6,9768.8,479550.0,-0.0009
2020-06-10,9768.8,9970.9,9710.7,9878.8,533550.0,0.0113
2020-06-11,9878.9,9945.2,9139.1,9283.2,919300.0,-0.0603
2020-06-12,9283.7,9547.5,9249.4,9466.6,529280.0,0.0197
2020-06-13,9466.5,9484.9,9369.9,9471.3,364970.0,0.0005
2020-06-14,9470.7,9474.7,9264.4,9345.3,311270.0,-0.013300000000000001
2020-06-15,9345.5,9489.7,8925.6,9425.4,750900.0,0.0086
2020-06-16,9425.6,9577.1,9379.3,9523.5,545470.0,0.0104
2020-06-17,9523.6,9543.6,9258.2,9464.6,446450.0,-0.0062
2020-06-18,9464.6,9480.4,9289.3,9388.1,391670.0,-0.008100000000000001
2020-06-19,9390.3,9424.0,9249.6,9314.0,478490.0,-0.0079
2020-06-20,9314.0,9394.5,9199.8,9358.8,383440.0,0.0048
2020-06-21,9358.8,9411.2,9288.5,9296.4,335990.0,-0.0067
2020-06-22,9296.5,9751.9,9285.8,9683.7,523320.00000000006,0.0417
2020-06-23,9683.9,9715.6,9581.8,9624.6,375490.0,-0.0060999999999999995
2020-06-24,9624.6,9667.4,9223.0,9302.0,515780.0,-0.0335
2020-06-25,9300.8,9327.3,9022.6,9247.5,524450.0,-0.0059
2020-06-26,9247.5,9296.5,9060.1,9160.0,489840.0,-0.0095
2020-06-27,9160.5,9190.5,8865.3,9008.3,441930.0,-0.0166
2020-06-28,9008.4,9185.5,8950.2,9124.0,329010.0,0.0128
2020-06-29,9122.8,9229.1,9033.6,9185.4,401120.0,0.0067
2020-06-30,9186.0,9199.8,9075.3,9135.4,381730.0,-0.0054
2020-07-01,9135.9,9289.0,9101.1,9229.9,366780.0,0.0103
2020-07-02,9229.9,9259.7,8962.1,9085.1,483100.0,-0.015700000000000002
2020-07-03,9085.0,9120.4,9050.9,9067.1,333880.0,-0.002
2020-07-04,9067.1,9182.3,9049.6,9134.4,261250.0,0.0074
2020-07-05,9134.3,9149.6,8932.1,9081.0,314100.0,-0.0058
2020-07-06,9080.4,9363.0,9063.2,9339.0,510270.0,0.028399999999999998
2020-07-07,9338.8,9371.2,9209.3,9256.0,420550.0,-0.0089
2020-07-08,9256.3,9458.3,9233.1,9429.9,509940.0,0.018799999999999997
2020-07-09,9430.1,9434.5,9176.0,9235.7,444270.0,-0.0206
2020-07-10,9239.0,9309.8,9131.9,9285.1,418470.0,0.0053
2020-07-11,9285.8,9295.5,9184.2,9233.3,353920.0,-0.005600000000000001
2020-07-12,9234.2,9337.8,9170.4,9300.8,366880.0,0.0073
2020-07-13,9300.5,9329.6,9207.6,9243.6,456870.0,-0.0062
2020-07-14,9243.1,9274.8,9135.7,9253.4,453830.0,0.0011
2020-07-15,9253.6,9270.2,9168.7,9198.7,429840.0,-0.0059
2020-07-16,9198.7,9224.2,9052.0,9135.3,429040.0,-0.0069
2020-07-17,9135.4,9181.9,9091.5,9155.8,310920.0,0.0022
2020-07-18,9155.8,9198.8,9126.7,9170.2,276400.0,0.0016
2020-07-19,9170.1,9224.8,9106.4,9208.0,265250.0,0.0040999999999999995
2020-07-20,9208.1,9218.4,9139.9,9162.4,312980.0,-0.005
2020-07-21,9162.3,9426.9,9155.1,9387.3,458990.0,0.0246
2020-07-22,9387.4,9523.1,9296.0,9513.7,386000.0,0.013500000000000002
2020-07-23,9513.6,9646.5,9451.1,9599.6,425660.0,0.009000000000000001
2020-07-24,9599.2,9626.2,9480.5,9546.4,359160.0,-0.0055000000000000005
2020-07-25,9546.7,9729.3,9536.2,9704.1,306290.0,0.0165
2020-07-26,9690.0,10086.6,9645.9,9932.5,415070.0,0.0235
2020-07-27,9932.7,11367.0,9894.6,11022.8,908990.0,0.10980000000000001
2020-07-28,10961.1,11046.1,10873.6,10908.5,658370.0,-0.0104
2020-07-29,10908.4,11336.5,10771.8,11105.9,576830.0,0.0181
2020-07-30,11105.8,11164.4,10861.6,11096.2,501140.0,-0.0009
2020-07-31,11096.5,11434.8,10964.6,11333.4,530950.0,0.021400000000000002
2020-08-01,11333.2,11847.7,11226.1,11803.1,611470.0,0.0414
2020-08-02,11802.6,12061.1,10730.7,11066.8,647950.0,-0.062400000000000004
2020-08-03,11066.9,11461.1,10981.6,11224.4,470240.0,0.014199999999999999
2020-08-04,11223.8,11407.8,11043.0,11184.7,485790.0,-0.0034999999999999996
2020-08-05,11184.8,11771.5,11114.5,11735.1,570830.0,0.0492
2020-08-06,11735.0,11898.4,11563.0,11757.1,554850.0,0.0019
2020-08-07,11757.1,11901.8,11352.4,11592.0,517000.0,-0.013999999999999999
2020-08-08,11591.6,11805.5,11533.5,11764.3,317060.0,0.0149
2020-08-09,11764.4,11792.8,11527.5,11681.2,303000.0,-0.0070999999999999995
2020-08-10,11681.1,12041.1,11546.9,11889.2,564110.0,0.0178
2020-08-11,11889.2,11931.8,11146.7,11390.4,615900.0,-0.04190000000000001
2020-08-12,11390.4,11605.4,11190.6,11557.2,549590.0,0.0146
2020-08-13,11557.2,11772.9,11298.4,11770.9,545670.0,0.018500000000000003
2020-08-14,11771.1,11835.5,11651.5,11750.8,435440.0,-0.0017000000000000001
2020-08-15,11751.1,11964.0,11711.5,11845.3,499100.0,0.008
2020-08-16,11845.5,11922.5,11688.9,11899.0,410810.0,0.0045000000000000005
2020-08-17,11898.8,12444.1,11764.0,12282.6,628410.0,0.0322
2020-08-18,12283.0,12381.4,11842.0,11947.6,606790.0,-0.0273
2020-08-19,11944.4,12013.2,11602.6,11750.2,550260.0,-0.0165
2020-08-20,11751.0,11881.0,11672.7,11856.9,430930.0,0.0091
2020-08-21,11856.9,11877.4,11495.6,11529.2,506380.0,-0.0276
2020-08-22,11529.2,11677.0,11382.1,11661.3,433980.0,0.0115
2020-08-23,11661.1,11705.4,11520.8,11641.6,377330.0,-0.0017000000000000001
2020-08-24,11641.6,11824.6,11587.1,11753.5,429130.0,0.0096
2020-08-25,11752.9,11766.9,11131.0,11324.8,594070.0,-0.0365
2020-08-26,11324.9,11533.6,11254.6,11462.3,513059.99999999994,0.0121
2020-08-27,11462.3,11580.3,11135.3,11327.4,560590.0,-0.0118
2020-08-28,11327.5,11539.0,11281.9,11527.4,464940.0,0.0177
2020-08-29,11527.8,11576.8,11433.5,11468.1,389850.0,-0.0051
2020-08-30,11468.1,11704.2,11462.6,11702.0,409360.0,0.0204
2020-08-31,11701.1,11760.2,11563.8,11644.2,496140.0,-0.0049
2020-09-01,11644.2,12045.9,11544.6,11914.9,580690.0,0.0232
2020-09-02,11914.4,11947.5,11244.9,11413.3,20260000.0,-0.0421
2020-09-03,11413.2,11442.7,10009.5,10168.8,9650000.0,-0.109
2020-09-04,10168.7,10614.2,9960.3,10472.5,12500000.0,0.029900000000000003
2020-09-05,10472.3,10558.7,9897.8,10092.2,14720000.0,-0.0363
2020-09-06,10092.2,10337.7,10004.7,10296.4,12120000.0,0.0202
2020-09-07,10296.4,10400.9,9887.0,10376.9,12400000.0,0.0078000000000000005
2020-09-08,10376.9,10434.4,9877.1,10126.6,113900.0,-0.0241
2020-09-09,10126.8,10343.3,9984.6,10224.6,71370.0,0.0097
2020-09-10,10224.3,10480.3,10219.2,10339.7,88010.0,0.0113
2020-09-11,10339.8,10398.8,10212.6,10390.2,62280.0,0.0049
2020-09-12,10390.2,10476.8,10275.9,10441.9,48490.0,0.005
2020-09-13,10441.7,10579.6,10219.4,10326.0,66120.0,-0.0111
2020-09-14,10332.7,10744.3,10264.5,10675.3,96640.0,0.0338
2020-09-15,10675.2,10931.8,10627.8,10785.3,91700.0,0.0103
2020-09-16,10785.2,11093.3,10669.2,10949.5,94940.0,0.0152
2020-09-17,10950.1,11039.3,10755.2,10941.3,77220.0,-0.0007000000000000001
2020-09-18,10941.3,11029.7,10818.7,10933.0,63480.0,-0.0008
2020-09-19,10933.0,11177.1,10890.7,11081.8,51630.0,0.013600000000000001
2020-09-20,11081.6,11081.6,10772.7,10921.5,53390.0,-0.014499999999999999
2020-09-21,10919.9,10987.2,10328.5,10416.8,109850.0,-0.0462
2020-09-22,10419.4,10570.7,10361.7,10531.5,63520.0,0.011000000000000001
2020-09-23,10531.5,10535.4,10146.6,10237.3,74950.0,-0.0279
2020-09-24,10238.1,10787.8,10201.0,10739.4,82950.0,0.049
2020-09-25,10739.9,10756.0,10558.9,10688.8,71430.0,-0.004699999999999999
2020-09-26,10688.9,10793.3,10650.2,10727.9,37850.0,0.0037
2020-09-27,10727.9,10799.2,10602.7,10776.2,40920.0,0.0045000000000000005
2020-09-28,10776.4,10946.6,10685.2,10693.2,72290.0,-0.0077
2020-09-29,10694.3,10858.4,10642.4,10840.9,59640.0,0.0138
2020-09-30,10843.4,10847.7,10667.6,10776.1,55550.0,-0.006
2020-10-01,10776.6,10913.7,10462.7,10620.5,95330.0,-0.0144
2020-10-02,10619.6,10662.9,10387.6,10572.3,77940.0,-0.0045000000000000005
2020-10-03,10572.2,10597.8,10501.2,10544.2,29100.0,-0.0027
2020-10-04,10544.4,10693.3,10520.8,10672.9,31400.0,0.012199999999999999
2020-10-05,10672.5,10789.6,10623.4,10789.5,48860.0,0.0109
2020-10-06,10790.2,10800.3,10530.8,10602.6,69070.0,-0.0173
2020-10-07,10601.0,10680.1,10553.3,10670.9,49270.0,0.0064
2020-10-08,10670.7,10948.6,10549.6,10924.1,79780.0,0.023700000000000002
2020-10-09,10923.5,11103.0,10836.9,11054.2,70950.0,0.011899999999999999
2020-10-10,11053.5,11475.0,11053.1,11298.4,65810.0,0.022099999999999998
2020-10-11,11295.6,11439.4,11277.6,11371.0,41060.0,0.0064
2020-10-12,11370.8,11715.9,11227.4,11533.9,84020.0,0.0143
2020-10-13,11533.5,11558.0,11315.9,11423.8,64670.0,-0.0095
2020-10-14,11424.4,11541.0,11293.5,11420.4,59120.0,-0.0003
2020-10-15,11421.4,11590.9,11276.7,11503.0,70840.0,0.0072
2020-10-16,11503.2,11542.2,11224.6,11322.0,71420.0,-0.015700000000000002
2020-10-17,11321.8,11402.7,11274.4,11362.1,29860.0,0.0034999999999999996
2020-10-18,11362.1,11506.9,11349.8,11506.9,31510.0,0.0127
2020-10-19,11507.1,11823.3,11413.9,11753.4,73040.0,0.021400000000000002
2020-10-20,11753.9,12029.4,11685.7,11913.5,94590.0,0.013600000000000001
2020-10-21,11913.6,13213.5,11894.6,12808.7,197720.0,0.0751
2020-10-22,12805.5,13183.9,12698.2,12974.6,113310.0,0.013000000000000001
2020-10-23,12972.7,13025.5,12738.9,12934.1,73940.0,-0.0031
2020-10-24,12933.6,13161.5,12876.4,13117.2,51200.0,0.014199999999999999
2020-10-25,13117.0,13345.3,12900.4,13032.2,59730.0,-0.006500000000000001
2020-10-26,13033.0,13229.7,12792.4,13061.6,89470.0,0.0023
2020-10-27,13061.5,13782.3,13050.3,13657.8,128639.99999999999,0.045599999999999995
2020-10-28,13658.3,13851.7,12907.6,13278.9,144180.0,-0.0277
2020-10-29,13278.3,13640.0,12982.9,13457.2,111230.0,0.0134
2020-10-30,13457.0,13667.9,13134.5,13559.9,108770.0,0.0076
2020-10-31,13560.2,14065.4,13441.7,13797.3,102750.0,0.0175
2020-11-01,13795.5,13889.5,13628.7,13759.4,51710.0,-0.0027
2020-11-02,13759.7,13828.4,13214.2,13561.4,97760.0,-0.0144
2020-11-03,13560.5,14054.0,13294.6,14019.9,108170.0,0.0338
2020-11-04,14023.0,14238.8,13544.4,14145.6,140800.0,0.009000000000000001
2020-11-05,14145.6,15739.9,14099.7,15587.1,227490.0,0.10189999999999999
2020-11-06,15593.9,15955.2,15223.5,15577.9,186130.0,-0.0006
2020-11-07,15578.2,15754.4,14385.1,14828.4,160730.0,-0.0481
2020-11-08,14826.6,15648.3,14720.7,15483.7,94990.0,0.044199999999999996
2020-11-09,15483.3,15819.6,14816.9,15327.2,165040.0,-0.0101
2020-11-10,15328.0,15465.3,15096.5,15303.6,93360.0,-0.0015
2020-11-11,15303.1,15953.9,15281.0,15695.8,119070.0,0.0256
2020-11-12,15695.8,16342.7,15483.5,16294.7,165540.0,0.0382
2020-11-13,16293.0,16474.1,15973.4,16324.2,113750.0,0.0018
2020-11-14,16323.1,16328.2,15717.7,16071.0,83640.0,-0.0155
2020-11-15,16074.7,16158.1,15782.3,15953.0,58430.0,-0.0073
2020-11-16,15954.1,16880.7,15870.7,16715.8,118090.0,0.0478
2020-11-17,16715.8,17845.4,16562.0,17662.3,175870.0,0.056600000000000004
2020-11-18,17662.3,18466.1,17258.9,17774.6,233430.0,0.0064
2020-11-19,17775.1,18166.0,17380.1,17803.5,135940.0,0.0016
2020-11-20,17805.5,18811.0,17758.4,18675.2,134420.0,0.049
2020-11-21,18673.8,18966.0,18397.5,18687.2,108910.0,0.0006
2020-11-22,18689.3,18751.5,17644.6,18412.9,121760.0,-0.0147
2020-11-23,18428.1,18756.8,18016.0,18379.6,127350.0,-0.0018
2020-11-24,18394.6,19416.6,18074.8,19152.6,180790.0,0.0421
2020-11-25,19151.5,19486.7,18527.7,18723.0,146120.0,-0.022400000000000003
2020-11-26,18721.9,18894.9,16235.2,17162.0,312070.0,-0.0834
2020-11-27,17160.9,17450.3,16481.6,17127.1,138800.0,-0.002
2020-11-28,17142.6,17874.4,16874.4,17730.7,95200.0,0.0352
2020-11-29,17729.7,18336.3,17530.4,18185.5,79120.0,0.025699999999999997
2020-11-30,18186.0,19831.2,18186.0,19698.1,185590.0,0.0832
2020-12-01,19697.8,19897.4,18257.0,18770.7,208720.0,-0.0471
2020-12-02,18767.9,19335.5,18346.7,19218.8,91920.0,0.0239
2020-12-03,19219.8,19596.6,18883.7,19433.3,99970.0,0.011200000000000002
2020-12-04,19431.1,19529.5,18610.8,18658.1,110630.0,-0.039900000000000005
2020-12-05,18657.5,19172.7,18507.1,19146.5,59440.0,0.0262
2020-12-06,19146.0,19417.1,18873.0,19379.9,54560.0,0.012199999999999999
2020-12-07,19368.4,19424.6,18908.8,19170.7,61980.0,-0.0108
2020-12-08,19170.8,19288.6,18229.2,18326.6,101410.0,-0.044000000000000004
2020-12-09,18322.4,18637.9,17658.8,18546.0,129720.0,0.012
2020-12-10,18546.1,18551.8,17926.8,18247.2,85310.0,-0.0161
2020-12-11,18250.5,18288.3,17600.1,18023.6,111530.0,-0.0123
2020-12-12,18026.7,18936.2,18025.1,18808.9,71370.0,0.0436
2020-12-13,18808.1,19403.6,18716.8,19176.8,82450.0,0.0196
2020-12-14,19176.4,19346.5,19007.0,19273.8,67110.0,0.0051
2020-12-15,19273.9,19556.3,19076.2,19434.9,98390.0,0.0084
2020-12-16,19434.7,21525.3,19299.7,21352.2,199810.0,0.0987
2020-12-17,21352.3,23738.0,21243.1,22825.4,310740.0,0.069
2020-12-18,22823.3,23272.8,22361.5,23127.9,131800.0,0.013300000000000001
2020-12-19,23127.6,24107.1,22797.0,23844.0,133880.0,0.031
2020-12-20,23843.6,24280.9,23098.9,23474.9,114090.0,-0.0155
2020-12-21,23474.1,24101.9,22015.5,22728.5,154690.0,-0.0318
2020-12-22,22730.4,23825.4,22388.6,23823.2,130750.0,0.0482
2020-12-23,23820.8,24063.7,22694.7,23257.9,178470.0,-0.023700000000000002
2020-12-24,23253.2,23783.7,22737.3,23736.5,104590.0,0.0206
2020-12-25,23728.7,24778.9,23445.3,24689.6,2400.0,0.04019999999999999
2020-12-26,24714.7,26826.0,24515.1,26454.4,155770.0,0.07150000000000001
2020-12-27,26460.3,28360.3,25858.2,26261.3,231230.0,-0.0073
2020-12-28,26259.2,27444.9,26144.3,27057.8,126980.0,0.030299999999999997
2020-12-29,27065.3,27390.7,25902.8,27376.0,119570.0,0.0118
2020-12-30,27374.5,28979.3,27374.5,28868.7,159820.0,0.0545
2020-12-31,28866.8,29298.8,28025.0,28949.4,136690.0,0.0028000000000000004
2021-01-01,28951.7,29627.1,28712.4,29359.9,100900.0,0.014199999999999999
2021-01-02,29359.7,33233.5,29008.0,32193.3,240870.0,0.0965
2021-01-03,32192.9,34755.9,32029.6,32958.9,155210.0,0.023799999999999998
2021-01-04,33016.6,33587.5,28204.5,32022.6,255270.0,-0.028399999999999998
2021-01-05,32015.4,34414.7,30010.5,33991.5,202130.0,0.061500000000000006
2021-01-06,33999.3,36934.8,33408.3,36793.2,227560.0,0.0824
2021-01-07,36798.5,40340.9,36361.2,39460.2,249600.0,0.0725
2021-01-08,39466.4,41921.7,36613.4,40599.3,251290.0,0.028900000000000002
2021-01-09,40607.2,41363.5,38775.1,40151.9,128419.99999999999,-0.011000000000000001
2021-01-10,40149.7,41362.4,35141.6,38192.2,215780.0,-0.048799999999999996
2021-01-11,38195.3,38217.2,30411.6,35544.3,251040.0,-0.0693
2021-01-12,35426.0,36598.7,32572.7,34076.1,241930.0,-0.041299999999999996
2021-01-13,34061.2,37764.6,32451.9,37382.2,209930.0,0.09699999999999999
2021-01-14,37383.4,40054.3,36772.1,39175.7,172400.0,0.048
2021-01-15,39175.7,39715.0,34488.7,36845.8,118420.0,-0.059500000000000004
2021-01-16,36751.8,37931.7,35408.4,36019.5,137020.0,-0.022400000000000003
2021-01-17,36020.1,36801.3,33883.5,35839.6,126820.0,-0.005
2021-01-18,35838.2,37436.8,34801.0,36613.2,111520.0,0.0216
2021-01-19,36630.6,37821.0,36001.4,36002.9,79110.0,-0.0167
2021-01-20,35862.1,36384.4,33444.5,35476.3,153610.0,-0.0146
2021-01-21,35472.3,35591.1,30101.8,30842.1,253270.0,-0.1306
2021-01-22,30838.7,33821.2,28871.2,33000.5,243090.0,0.07
2021-01-23,32994.1,33441.4,31418.2,32088.9,100700.0,-0.0276
2021-01-24,32088.5,33034.8,30982.9,32241.3,88210.0,0.004699999999999999
2021-01-25,32244.3,34854.3,31967.4,32252.3,142430.0,0.0003
2021-01-26,32244.1,32917.7,30850.0,32502.1,139840.0,0.0077
2021-01-27,32499.6,32545.4,29290.4,30404.0,194350.0,-0.0646
2021-01-28,30408.9,33790.8,29911.9,33374.8,167390.0,0.0977
2021-01-29,33381.7,38546.0,31953.3,34301.8,297730.0,0.0278
2021-01-30,34300.0,34920.9,32908.5,34283.1,128570.0,-0.0005
2021-01-31,34281.6,34348.3,32189.9,33108.1,101920.0,-0.034300000000000004
2021-02-01,33106.8,34685.6,32324.9,33515.7,126320.0,0.0123
2021-02-02,33514.0,35976.1,33462.4,35485.2,120850.0,0.0588
2021-02-03,35486.9,37646.8,35401.5,37646.8,131030.0,0.060899999999999996
2021-02-04,37648.9,38707.9,36380.8,36982.1,151440.0,-0.0177
2021-02-05,36976.4,38303.6,36640.0,38297.6,100600.0,0.0356
2021-02-06,38300.6,40939.7,38275.3,39256.6,156020.0,0.025
2021-02-07,39228.9,39691.7,37381.6,38852.9,125370.0,-0.0103
2021-02-08,38853.6,46596.4,38057.0,46395.7,248470.0,0.1941
2021-02-09,46396.4,48143.5,45104.7,46508.6,193870.0,0.0024
2021-02-10,46507.8,47295.3,43800.5,44836.0,151830.0,-0.036000000000000004
2021-02-11,44834.8,48622.1,44041.1,47990.7,145770.0,0.0704
2021-02-12,47995.0,48927.4,46218.6,47371.7,133730.0,-0.0129
2021-02-13,47373.1,48097.3,46270.5,47168.7,89420.0,-0.0043
2021-02-14,47172.1,49695.1,47051.9,48643.4,106500.0,0.0313
2021-02-15,48611.1,48936.5,45786.1,47936.3,123180.0,-0.014499999999999999
2021-02-16,47934.2,50515.8,47044.4,49169.7,141370.0,0.025699999999999997
2021-02-17,49161.3,52577.7,49018.1,52079.2,140030.0,0.0592
2021-02-18,52094.5,52524.0,50941.6,51582.2,94350.0,-0.0095
2021-02-19,51590.1,56238.5,50816.8,55906.6,139430.0,0.08380000000000001
2021-02-20,55922.0,57523.8,54124.1,55923.7,127850.0,0.0003
2021-02-21,55907.6,58335.1,55502.7,57433.8,87260.0,0.027000000000000003
2021-02-22,57437.6,57480.8,48353.8,54111.8,244950.0,-0.057800000000000004
2021-02-23,54114.1,54115.0,45093.8,48911.2,315070.0,-0.09609999999999999
2021-02-24,48911.1,51311.8,47031.7,49697.5,153750.0,0.0161
2021-02-25,49695.9,52013.8,46773.7,46928.5,83220.0,-0.0557
2021-02-26,46928.5,48413.9,44248.2,46345.6,189410.0,-0.0124
2021-02-27,46333.1,48335.1,45059.4,46136.7,98750.0,-0.0045000000000000005
2021-02-28,46136.0,46582.0,43100.6,45164.0,135080.0,-0.021099999999999997
2021-03-01,45160.5,49774.0,45008.8,49595.5,137520.0,0.0981
2021-03-02,49595.6,50191.9,47100.6,48424.2,102100.0,-0.0236
2021-03-03,48422.2,52567.9,48159.2,50395.1,44930.0,0.0407
2021-03-04,50388.0,51757.7,47521.8,48428.0,9560.0,-0.039
2021-03-05,48363.6,49429.4,46370.1,48792.5,113640.0,0.0075
2021-03-06,48798.7,49191.8,47132.8,48855.6,66660.0,0.0013
2021-03-07,48899.0,51434.1,48890.6,50982.3,82910.0,0.0435
2021-03-08,50988.9,52384.9,49338.1,52311.0,68140.0,0.026099999999999998
2021-03-09,52352.4,54880.6,51941.3,54879.0,114060.0,0.049100000000000005
2021-03-10,54882.7,57328.7,53073.6,55851.9,140960.0,0.0177
2021-03-11,55851.2,58135.0,54351.8,57799.5,129630.0,0.0349
2021-03-12,57806.2,58052.3,55134.5,57265.1,116960.0,-0.0092
2021-03-13,57267.4,61795.8,56118.8,61195.3,134640.0,0.06860000000000001
2021-03-14,61192.7,61673.7,59113.7,59113.7,80290.0,-0.034
2021-03-15,59117.4,60565.9,55088.8,55791.3,117710.0,-0.0562
2021-03-16,55619.5,56889.7,53342.6,56889.7,128509.99999999999,0.0197
2021-03-17,56892.9,58933.2,54253.2,58913.5,118260.0,0.0356
2021-03-18,58911.8,60088.0,57099.6,57656.0,102620.0,-0.0213
2021-03-19,57645.0,59448.3,56305.1,58088.0,83980.0,0.0075
2021-03-20,58084.1,59882.1,57863.0,58093.4,67830.0,0.0001
2021-03-21,58097.4,58583.8,55583.3,57383.8,77470.0,-0.012199999999999999
2021-03-22,57379.3,58379.9,53784.2,54158.3,95530.0,-0.0562
2021-03-23,54117.5,55813.8,52992.3,54452.5,84840.0,0.0054
2021-03-24,54309.1,57169.4,51725.4,52325.4,137910.0,-0.0391
2021-03-25,52330.0,53175.4,50441.3,51322.3,143350.0,-0.0192
2021-03-26,51317.4,55074.1,51302.0,55036.1,100300.0,0.0724
2021-03-27,55033.8,56531.1,54010.2,55862.9,73870.0,0.015
2021-03-28,55856.9,56504.2,54711.3,55765.2,58710.0,-0.0017000000000000001
2021-03-29,55764.7,58392.6,54951.1,57616.2,107910.0,0.0332
2021-03-30,57614.6,59366.9,57077.1,58771.3,86210.0,0.02
2021-03-31,58771.4,59795.6,56991.6,58763.7,98060.0,-0.0001
2021-04-01,58763.2,59406.5,58040.7,58718.3,69040.0,-0.0008
2021-04-02,58718.2,60134.9,58466.5,58977.3,72370.0,0.0044
2021-04-03,58976.8,59770.5,56906.7,57059.9,68740.0,-0.0325
2021-04-04,57059.7,58464.8,56470.6,58199.9,57210.0,0.02
2021-04-05,58202.3,59205.1,56842.7,58993.4,54130.0,0.013600000000000001
2021-04-06,59169.0,59487.0,57403.3,57996.3,77150.0,-0.0169
2021-04-07,57996.3,58627.7,55489.3,55948.7,110690.0,-0.0353
2021-04-08,55948.0,58136.7,55721.6,58077.4,64780.0,0.038
2021-04-09,58076.8,58890.9,57686.0,58118.7,59220.0,0.0007000000000000001
2021-04-10,58127.4,61229.0,57900.0,59748.4,103720.0,0.027999999999999997
2021-04-11,59772.4,60667.1,59250.3,59978.7,58200.0,0.0039000000000000003
2021-04-12,59982.1,61259.9,59569.2,59863.8,81880.0,-0.0019
2021-04-13,59863.6,63659.0,59839.4,63540.9,126560.0,0.061399999999999996
2021-04-14,63544.2,64778.0,61366.3,62980.4,130430.0,-0.0088
2021-04-15,62978.6,63729.1,62067.5,63216.0,76970.0,0.0037
2021-04-16,63211.6,63518.5,60027.3,61379.7,136850.0,-0.028999999999999998
2021-04-17,61358.3,62509.1,59672.1,60041.9,84080.0,-0.0218
2021-04-18,60043.2,60362.1,51817.6,56207.1,216810.0,-0.0639
2021-04-19,56208.1,57517.0,54272.3,55646.1,117510.0,-0.01
2021-04-20,55645.1,57054.9,53422.5,56483.2,115490.0,0.015
2021-04-21,56479.5,56764.4,53657.6,53820.2,100260.0,-0.0471
2021-04-22,53821.3,55408.4,50590.9,51729.5,168130.0,-0.0388
2021-04-23,51707.1,52099.9,47659.4,51143.6,214460.0,-0.0113
2021-04-24,51140.8,51183.0,48775.2,50088.9,82250.0,-0.0206
2021-04-25,50088.2,50532.4,47098.5,48963.6,59200.0,-0.0225
2021-04-26,48963.5,54320.9,48815.9,54020.5,129759.99999999999,0.1033
2021-04-27,54011.1,55427.8,53345.0,55036.5,84080.0,0.018799999999999997
2021-04-28,55036.0,56419.9,53876.4,54841.4,86960.0,-0.0034999999999999996
2021-04-29,54838.6,55173.7,52400.0,53560.8,83900.0,-0.023399999999999997
2021-04-30,53562.3,57925.6,53088.7,57720.3,103740.0,0.07769999999999999
2021-05-01,57719.1,58449.4,57029.5,57807.1,63410.0,0.0015
2021-05-02,57807.2,57868.4,56110.5,56603.8,53610.0,-0.0208
2021-05-03,56605.8,58925.1,56562.4,57169.8,89240.0,0.01
2021-05-04,57170.6,57201.3,53741.5,53741.5,132330.0,-0.06
2021-05-05,53872.5,57936.4,53872.5,57441.3,119820.0,0.0688
2021-05-06,57441.0,58364.9,55294.5,56405.4,109020.0,-0.018000000000000002
2021-05-07,56411.4,58639.3,55300.1,57337.2,110010.0,0.0165
2021-05-08,57330.3,59471.1,56972.2,58840.1,101270.0,0.0262
2021-05-09,58840.6,59227.0,56414.4,58238.3,103590.0,-0.0102
2021-05-10,58251.2,59523.9,53678.3,55848.9,142610.0,-0.040999999999999995
2021-05-11,55846.1,56871.1,54550.4,56695.7,96470.0,0.0152
2021-05-12,56694.5,57938.5,49187.0,49384.2,160740.0,-0.129
2021-05-13,49398.2,51337.3,46331.1,49704.6,236710.0,0.006500000000000001
2021-05-14,49704.9,51459.2,48874.0,49839.8,118840.0,0.0027
2021-05-15,49839.1,50640.9,46650.2,46708.8,131910.0,-0.06280000000000001
2021-05-16,46729.3,49764.3,43920.8,46426.4,180070.0,-0.006
2021-05-17,46424.2,46545.4,42201.5,43541.3,274760.0,-0.0621
2021-05-18,43538.5,45770.9,42293.9,42897.3,154960.0,-0.0148
2021-05-19,42898.3,43516.6,30261.7,36720.5,607100.0,-0.14400000000000002
2021-05-20,36706.8,42425.9,35010.4,40717.2,269750.0,0.10880000000000001
2021-05-21,40611.2,42108.3,33592.3,37297.4,315500.0,-0.084
2021-05-22,37291.0,38776.0,35314.9,37448.3,185830.0,0.004
2021-05-23,37446.8,38248.7,31192.4,34679.7,325730.0,-0.0739
2021-05-24,34720.3,39851.7,34474.6,38750.6,244880.0,0.1174
2021-05-25,38753.6,39740.8,36540.7,38378.3,163010.0,-0.0096
2021-05-26,38375.7,40750.0,37847.0,39249.2,153800.0,0.0227
2021-05-27,39249.0,40322.2,37190.8,38417.3,122930.0,-0.0212
2021-05-28,38543.2,38844.1,34772.4,35662.5,199580.0,-0.0717
2021-05-29,35664.5,37227.1,33664.2,34584.6,160430.0,-0.0302
2021-05-30,34589.3,36388.6,33441.0,35652.8,104180.0,0.030899999999999997
2021-05-31,35644.0,37480.7,34213.2,37298.6,131700.0,0.0462
2021-06-01,37294.3,37850.3,35742.7,36687.6,113480.0,-0.016399999999999998
2021-06-02,36687.7,38199.9,35981.1,37555.8,96890.0,0.023700000000000002
2021-06-03,37555.7,39462.3,37193.6,39187.3,106440.0,0.0434
2021-06-04,39191.4,39255.4,35659.9,36851.3,127710.0,-0.0596
2021-06-05,36841.2,37887.6,34832.0,35520.0,101480.0,-0.0361
2021-06-06,35518.7,36434.0,35265.3,35815.4,62200.0,0.0083
2021-06-07,35815.4,36754.6,33410.1,33578.0,119500.0,-0.0625
2021-06-08,33574.6,34047.8,31158.1,33382.9,193540.0,-0.0058
2021-06-09,33385.5,37517.6,32428.6,37332.2,209820.0,0.1183
2021-06-10,37375.2,38340.8,35824.0,36649.4,154320.0,-0.0183
2021-06-11,36654.3,37641.1,36003.3,37314.6,109150.0,0.0181
2021-06-12,37334.4,37437.3,34703.3,35467.5,87730.0,-0.0495
2021-06-13,35467.5,39321.6,34827.0,39022.9,123320.0,0.1002
2021-06-14,39024.1,40970.4,38769.9,40529.4,157350.0,0.038599999999999995
2021-06-15,40522.5,41318.0,39589.9,40156.1,117550.0,-0.0092
2021-06-16,40148.1,40494.4,38156.4,38336.0,123520.0,-0.0453
2021-06-17,38337.8,39529.9,37425.3,38052.0,109580.0,-0.0074
2021-06-18,38045.5,38166.0,35198.5,35749.4,102840.0,-0.0605
2021-06-19,35770.0,36357.3,34845.5,35513.4,105460.0,-0.0066
2021-06-20,35510.9,36097.9,33378.0,35595.8,137480.0,0.0023
2021-06-21,35597.9,35708.4,31284.1,31692.0,256870.0,-0.1097
2021-06-22,31682.7,33272.5,28901.8,32496.4,309650.0,0.0254
2021-06-23,32498.3,34784.3,31736.5,33674.3,173340.0,0.0362
2021-06-24,33678.1,35249.9,32356.7,34665.8,119250.0,0.0294
2021-06-25,34660.5,35490.9,31337.9,31594.0,193430.0,-0.0886
2021-06-26,31592.1,32643.0,30206.9,32243.4,156670.0,0.0206
2021-06-27,32247.1,34685.5,32041.7,34678.5,148800.0,0.0755
2021-06-28,34682.2,35231.2,33944.9,34475.9,112000.0,-0.0058
2021-06-29,34477.3,36590.3,34247.6,35834.7,97270.0,0.0394
2021-06-30,35832.6,36089.5,34126.6,35026.9,107070.0,-0.0225
2021-07-01,35030.7,35032.7,32839.2,33543.6,27410.0,-0.042300000000000004
2021-07-02,33542.2,33925.9,32734.6,33813.4,78930.0,0.008
2021-07-03,33814.2,34909.8,33363.3,34742.8,55690.0,0.0275
2021-07-04,34742.8,35957.6,34740.1,35298.2,56130.0,0.016
2021-07-05,35297.0,35300.5,33164.1,33687.8,88360.0,-0.045599999999999995
2021-07-06,33688.5,35062.0,33581.7,34225.6,83630.0,0.016
2021-07-07,34228.7,35036.6,33801.3,33867.8,72030.0,-0.0105
2021-07-08,33859.4,33923.2,32146.9,32866.3,108090.0,-0.0296
2021-07-09,32866.3,34079.2,32367.0,33797.4,67140.0,0.028300000000000002
2021-07-10,33797.7,34221.0,33056.8,33510.6,50940.0,-0.0085
2021-07-11,33510.8,34580.6,33319.8,34227.7,35720.0,0.021400000000000002
2021-07-12,34228.3,34598.0,32662.8,33113.0,63240.0,-0.0326
2021-07-13,33106.1,33307.7,32259.5,32728.1,60040.0,-0.0116
2021-07-14,32727.8,33051.9,31611.2,32820.7,69560.0,0.0028000000000000004
2021-07-15,32820.5,33157.0,31175.8,31840.5,76950.0,-0.029900000000000003
2021-07-16,31842.3,32239.8,31062.2,31394.0,70480.0,-0.013999999999999999
2021-07-17,31384.4,31914.8,31207.8,31518.6,58060.0,0.004
2021-07-18,31517.9,32408.2,31220.6,31785.4,57010.0,0.0085
2021-07-19,31782.9,31887.0,30478.2,30837.2,77480.0,-0.0298
2021-07-20,30835.4,31040.8,29310.2,29793.8,97460.0,-0.0338
2021-07-21,29794.7,32794.6,29519.3,32131.4,118340.0,0.0785
2021-07-22,32131.7,32585.4,31729.4,32298.9,64870.00000000001,0.0052
2021-07-23,32297.9,33605.6,32041.1,33603.3,66150.0,0.0404
2021-07-24,33600.5,33955.0,33412.9,33824.8,67140.0,0.0066
2021-07-25,34392.5,35391.1,33881.3,35391.1,65099.99999999999,0.0463
2021-07-26,35392.3,40522.9,35236.7,37276.6,177630.0,0.0533
2021-07-27,37294.3,39455.9,36427.4,39452.0,100240.0,0.0584
2021-07-28,39450.4,40862.2,38883.8,40003.2,148920.0,0.013999999999999999
2021-07-29,40009.0,40630.7,39340.8,40001.4,75300.0,-0.0
2021-07-30,40001.1,42264.4,38358.4,42203.4,98450.0,0.055
2021-07-31,42201.4,42285.3,41066.4,41553.7,44650.0,-0.0154
2021-08-01,41510.0,42565.0,39556.5,39878.3,80330.0,-0.0403
2021-08-02,39869.8,40449.0,38692.5,39168.4,74810.0,-0.0178
2021-08-03,39167.4,39766.6,37688.2,38130.3,260.0,-0.0265
2021-08-04,38188.4,39956.5,37556.0,39736.9,79220.0,0.0421
2021-08-05,39734.4,41366.3,37365.4,40867.2,130600.0,0.028399999999999998
2021-08-06,40868.4,43253.4,39905.4,42795.4,111930.0,0.0472
2021-08-07,42784.7,44697.3,42611.0,44614.2,112840.0,0.0425
2021-08-08,44584.9,45284.1,43314.4,43792.8,105250.0,-0.0184
2021-08-09,43794.9,46460.7,42824.1,46284.3,117080.0,0.056900000000000006
2021-08-10,46281.8,46663.4,44681.2,45593.8,80550.0,-0.0149
2021-08-11,45593.2,46736.5,45367.9,45564.3,75430.0,-0.0006
2021-08-12,45562.3,46213.8,43814.7,44403.4,81070.0,-0.0255
2021-08-13,44404.0,47836.0,44242.4,47809.1,75270.0,0.0767
2021-08-14,47809.6,48090.9,46117.2,47081.5,64290.00000000001,-0.0152
2021-08-15,47082.6,47344.1,45564.1,46991.3,58110.0,-0.0019
2021-08-16,46991.6,48002.4,45672.1,45996.3,2410.0,-0.0212
2021-08-17,45907.5,47140.6,44441.3,44691.6,84140.0,-0.028399999999999998
2021-08-18,44691.1,46004.9,44230.0,44723.8,22360.0,0.0007000000000000001
2021-08-19,44725.9,47012.3,43986.7,46755.9,77920.0,0.0454
2021-08-20,46756.7,49343.3,46646.8,49324.0,83190.0,0.054900000000000004
2021-08-21,49330.0,49719.1,48293.5,48875.8,18200.0,-0.0091
2021-08-22,48870.4,49480.3,48151.0,49254.5,49320.0,0.0077
2021-08-23,49255.4,50498.8,49038.6,49539.7,75370.0,0.0058
2021-08-24,49532.5,49847.4,47623.6,47714.7,74260.0,-0.0368
2021-08-25,47707.4,49230.2,47163.3,48994.5,63540.0,0.0268
2021-08-26,48994.4,49347.8,46360.4,46831.6,73790.0,-0.0441
2021-08-27,46830.2,49142.0,46371.5,49064.3,62470.0,0.04769999999999999
2021-08-28,49062.8,49289.4,48428.5,48897.1,36730.0,-0.0034000000000000002
2021-08-29,48899.7,49621.7,47870.1,48777.4,47620.0,-0.0024
2021-08-30,48777.1,48886.0,46876.9,46992.7,61680.0,-0.0366
2021-08-31,46989.1,48217.0,46709.3,47130.4,71480.0,0.0029
2021-09-01,47129.2,49121.0,46533.1,48819.4,74380.0,0.0358
2021-09-02,48817.8,50355.3,48612.9,49274.3,80210.0,0.009300000000000001
2021-09-03,49269.5,51008.8,48377.3,49999.0,88080.0,0.0147
2021-09-04,49999.3,50534.6,49461.4,49918.4,48140.0,-0.0016
2021-09-05,49918.7,51878.2,49492.4,51768.6,57300.0,0.0371
2021-09-06,51769.4,52726.2,51002.8,52672.1,69460.0,0.0175
2021-09-07,52674.2,52885.3,43072.4,46779.6,187560.0,-0.1119
2021-09-08,46774.1,47316.9,44493.7,46061.4,100480.0,-0.0154
2021-09-09,46057.6,47305.7,45609.0,46385.6,73630.0,0.006999999999999999
2021-09-10,46385.9,47021.6,44283.6,44842.8,75620.0,-0.0333
2021-09-11,44844.9,45975.6,44766.6,45161.9,41580.0,0.0070999999999999995
2021-09-12,45162.6,46386.4,44755.2,46062.3,44520.0,0.0199
2021-09-13,46060.8,46807.7,43463.2,44949.5,96150.0,-0.0242
2021-09-14,44950.2,47247.6,44718.7,47077.5,65330.0,0.0473
2021-09-15,47070.8,48436.5,46743.9,48130.6,63400.0,0.022400000000000003
2021-09-16,48132.3,48480.6,47040.3,47748.0,60910.0,-0.008
2021-09-17,47748.2,48155.9,46788.8,47282.8,50160.0,-0.0097
2021-09-18,47283.9,48761.0,47070.5,48306.7,43640.0,0.0217
2021-09-19,48299.9,48341.9,46866.6,47238.7,41980.0,-0.022099999999999998
2021-09-20,47240.8,47323.9,42547.1,42870.6,77960.0,-0.0925
2021-09-21,43012.3,43619.3,39646.8,40651.3,142550.0,-0.0518
2021-09-22,40660.8,43976.7,40585.7,43321.6,101400.0,0.06570000000000001
2021-09-23,43550.7,44916.5,43090.1,44569.9,21290.0,0.023399999999999997
2021-09-24,44867.4,45112.0,40908.5,42969.7,128900.0,-0.042300000000000004
2021-09-25,42818.7,42959.3,41714.5,42712.6,48030.0,-0.0025
2021-09-26,42685.8,43907.3,40786.6,43685.5,65910.0,0.023399999999999997
2021-09-27,43200.9,44293.2,42620.1,43186.3,53750.0,-0.0004
2021-09-28,42169.9,42758.8,40906.4,41022.3,60010.0,-0.0273
2021-09-29,41023.1,42571.2,40815.0,41178.5,50110.0,0.0038
2021-09-30,41534.5,44101.2,41416.7,43688.3,64019.99999999999,0.0518
2021-10-01,43824.4,48435.2,43292.9,48338.4,92870.0,0.10300000000000001
2021-10-02,48147.2,48306.9,47451.7,47666.9,39820.0,-0.01
2021-10-03,47665.4,49165.2,47123.0,48107.1,42460.0,0.0092
2021-10-04,48200.4,49481.7,46958.6,49227.3,66920.0,0.0213
2021-10-05,49229.5,51872.4,49060.1,51401.1,76380.0,0.044199999999999996
2021-10-06,51470.0,55369.1,50439.5,54987.0,113450.0,0.0683
2021-10-07,55325.2,55325.6,53476.4,53783.9,75680.0,-0.0278
2021-10-08,53785.5,55977.9,53659.3,54151.5,64019.99999999999,0.0068000000000000005
2021-10-09,53924.1,55430.8,53711.7,54931.2,61850.0,0.0189
2021-10-10,54942.5,56432.2,54100.8,54719.7,102350.0,-0.0040999999999999995
2021-10-11,54686.9,57814.1,54457.8,57477.3,73840.0,0.051
2021-10-12,57480.6,57635.7,54155.4,56205.2,73280.0,-0.022099999999999998
2021-10-13,56014.5,57697.4,54314.4,57380.1,73620.0,0.024399999999999998
2021-10-14,57370.4,58506.5,56866.8,57606.6,60420.0,0.0039000000000000003
2021-10-15,57348.2,62892.8,56874.8,61672.5,121480.0,0.0754
2021-10-16,61669.2,62329.2,60161.9,60585.9,52420.0,-0.0176
2021-10-17,60865.5,61651.4,59143.4,61527.5,53390.0,0.0109
2021-10-18,61525.8,62623.6,60026.9,61716.5,81640.0,0.0031
2021-10-19,62030.2,64329.0,61451.0,64114.0,78570.0,0.0332
2021-10-20,64276.9,66967.1,63543.7,66212.4,81010.0,0.0301
2021-10-21,66004.6,66616.9,62271.1,62781.0,103800.0,-0.048499999999999995
2021-10-22,62200.8,63699.7,60055.7,60539.4,77820.0,-0.0269
2021-10-23,60693.2,61728.7,59738.3,61337.7,36770.0,0.010700000000000001
2021-10-24,61308.2,61469.9,59523.7,60998.7,42700.0,-0.0051
2021-10-25,60864.3,63694.8,60655.8,62778.0,50830.0,0.031400000000000004
2021-10-26,63067.5,63275.1,60081.5,60566.3,51140.0,-0.0397
2021-10-27,60312.5,61452.9,58112.6,58645.0,91260.0,-0.0276
2021-10-28,58437.2,62251.3,58128.1,60695.5,86430.0,0.038599999999999995
2021-10-29,60579.9,62952.2,60322.2,62419.9,65990.0,0.030299999999999997
2021-10-30,62245.0,62338.5,60786.0,61467.8,38170.0,-0.0125
2021-10-31,61842.2,62393.7,60005.7,61426.9,51720.0,-0.0067
2021-11-01,61310.1,62430.1,59612.7,61059.6,60920.0,-0.0040999999999999995
2021-11-02,60912.2,64256.4,60651.5,63221.7,65260.00000000001,0.0379
2021-11-03,63223.5,63508.6,60883.0,62878.4,62360.0,-0.0054
2021-11-04,62915.4,63077.6,60742.9,61246.9,50280.0,-0.026600000000000002
2021-11-05,61411.5,62560.3,60742.4,61262.8,44300.0,-0.0024
2021-11-06,60973.2,61543.2,60093.6,61399.9,35240.0,0.006999999999999999
2021-11-07,61483.8,63074.7,61347.2,62860.7,32940.0,0.022400000000000003
2021-11-08,63276.4,66510.1,63276.4,66122.9,73380.0,0.045
2021-11-09,67528.7,68493.3,66334.9,67316.2,72790.0,-0.0031
2021-11-10,66942.6,68990.6,62951.3,64557.0,93320.0,-0.0351
2021-11-11,64922.8,65583.3,64121.9,65098.9,53140.0,0.0026
2021-11-12,64782.6,65449.7,62309.7,64134.5,63270.0,-0.0104
2021-11-13,64133.3,64906.0,63381.4,64269.1,30960.0,0.0021
2021-11-14,64397.2,65508.2,63608.3,65508.2,33980.0,0.0172
2021-11-15,65514.9,66311.2,63517.9,63523.6,55400.0,-0.030299999999999997
2021-11-16,63605.1,63605.6,58655.9,60511.5,114480.0,-0.048499999999999995
2021-11-17,60074.2,60814.5,58531.9,59799.6,73470.0,-0.0048
2021-11-18,60368.2,60936.9,56737.8,57192.1,96490.0,-0.0526
2021-11-19,56908.3,58335.9,55626.3,57853.7,78210.0,0.0158
2021-11-20,58080.8,59660.4,57435.3,59644.6,43830.0,0.0269
2021-11-21,59724.0,60002.6,58528.3,59423.7,40100.0,-0.0049
2021-11-22,58719.7,59288.3,55656.8,56212.7,76150.0,-0.0426
2021-11-23,56304.8,57855.1,55542.5,57573.2,72480.0,0.0225
2021-11-24,57559.4,57697.4,55910.6,57180.6,55420.0,-0.0068000000000000005
2021-11-25,57167.1,59387.3,57029.8,58688.8,57040.0,0.0265
2021-11-26,58937.3,59151.1,53533.5,54287.0,102510.0,-0.0789
2021-11-27,53747.2,55280.3,53654.3,54648.7,41230.0,0.0171
2021-11-28,54758.0,56728.3,53448.3,56452.1,44230.0,0.0308
2021-11-29,57288.1,58855.2,56726.7,58259.8,62190.0,0.0169
2021-11-30,57795.2,59174.4,55936.9,57252.3,74190.0,-0.009399999999999999
2021-12-01,56891.7,59064.3,56496.5,57210.3,66750.0,0.0058
2021-12-02,57207.8,57377.5,55807.9,56722.2,54730.0,-0.0085
2021-12-03,56495.2,57543.6,52008.9,53631.5,89200.0,-0.0507
2021-12-04,53620.7,53847.2,42587.8,48719.2,166490.0,-0.0916
2021-12-05,49196.4,49689.3,47797.8,49100.8,71610.0,-0.0019
2021-12-06,49412.1,50800.2,47237.9,50737.5,88340.0,0.027000000000000003
2021-12-07,50547.4,51918.6,50146.9,50209.0,58030.0,-0.006999999999999999
2021-12-08,50596.6,51204.7,48700.7,50473.9,55590.0,-0.0024
2021-12-09,50477.6,50790.2,47341.9,47596.6,58690.0,-0.057
2021-12-10,47591.7,49974.8,47007.1,47137.2,68060.0,-0.0097
2021-12-11,47138.4,49487.0,46834.0,49314.5,45230.0,0.0462
2021-12-12,49332.5,50779.2,48670.5,50081.0,40300.0,0.0155
2021-12-13,50075.9,50196.1,45848.2,46993.7,78610.0,-0.0616
2021-12-14,46709.8,48635.0,46338.3,48303.0,62520.0,0.0342
2021-12-15,48366.2,49477.9,46572.6,48871.5,80280.0,0.0104
2021-12-16,48876.6,49387.8,47544.3,47828.3,49060.0,-0.0213
2021-12-17,47630.4,47997.2,45523.8,45807.6,66270.0,-0.0382
2021-12-18,46171.8,47330.2,45513.4,46856.2,36930.0,0.0148
2021-12-19,46855.7,48270.2,46438.4,46704.5,44050.0,-0.0032
2021-12-20,46703.4,47488.9,45577.3,46895.2,57530.0,0.0040999999999999995
2021-12-21,46900.1,49306.1,46654.0,49035.4,57320.0,0.045599999999999995
2021-12-22,48898.7,49540.3,48449.7,48599.7,40890.0,-0.0062
2021-12-23,48599.6,51355.6,48053.4,50769.2,55650.0,0.0446
2021-12-24,50807.4,51795.3,50428.4,50767.9,46070.0,-0.0007000000000000001
2021-12-25,50789.6,51140.2,50196.8,50879.6,25960.0,0.0018
2021-12-26,50404.0,51002.6,49527.0,50831.4,32310.000000000004,0.0084
2021-12-27,50783.6,52016.3,50459.0,51153.3,42760.0,0.0074
2021-12-28,50703.4,50703.8,47345.7,47545.2,74390.0,-0.061799999999999994
2021-12-29,47548.4,48121.7,46127.8,46461.7,63920.0,-0.022799999999999997
2021-12-30,46470.7,47901.4,46003.0,47233.1,66590.0,0.0166
2021-12-31,47123.3,48553.9,45693.6,46219.5,58180.0,-0.0192
2022-01-01,46217.5,47917.6,46217.5,47738.0,31240.0,0.0329
2022-01-02,47738.7,47944.9,46718.2,47146.4,26700.0,-0.0124
2022-01-03,47293.9,47556.0,45704.0,46430.2,41060.0,-0.018600000000000002
2022-01-04,46435.7,47505.4,45602.1,45837.3,55590.0,-0.0128
2022-01-05,45833.1,47019.4,42535.1,43425.9,83740.0,-0.0526
2022-01-06,43431.6,43772.3,42481.1,43097.5,63080.0,-0.0076
2022-01-07,43097.9,43127.7,40810.0,41546.7,88360.0,-0.036000000000000004
2022-01-08,41551.3,42304.4,40574.3,41672.0,52540.0,0.003
2022-01-09,41681.2,42764.4,41260.9,42422.6,37220.0,0.018000000000000002
2022-01-10,41848.9,42243.8,39697.0,41682.3,86010.0,-0.004
2022-01-11,41829.1,43090.2,41287.6,42733.2,61780.0,0.0215
2022-01-12,42735.0,44243.6,42476.7,43874.2,53430.0,0.026699999999999998
2022-01-13,43900.0,44404.7,42337.5,42560.0,53420.0,-0.0305
2022-01-14,42562.2,43435.1,41848.7,43232.8,51080.0,0.0158
2022-01-15,43073.6,43777.9,42586.1,43348.4,30970.0,0.0064
2022-01-16,43079.2,43462.0,42643.3,43187.9,28940.0,0.0021
2022-01-17,43080.5,43179.6,41559.4,41598.7,39460.0,-0.0344
2022-01-18,42209.9,42674.2,41300.7,42364.6,47320.0,0.0037
2022-01-19,42365.3,42558.0,41160.9,41817.0,54070.0,-0.0129
2022-01-20,41683.6,43487.1,41060.7,41258.5,56570.0,-0.0101
2022-01-21,40698.1,41104.6,35503.9,36475.5,155800.0,-0.1041
2022-01-22,36467.7,36749.8,34116.0,35075.2,138090.0,-0.0384
2022-01-23,35072.9,36513.0,34655.2,36269.5,70430.0,0.034
2022-01-24,36268.6,37424.0,32985.6,36686.3,153770.0,0.0115
2022-01-25,36691.3,37501.8,35729.3,36950.6,79680.0,0.0072
2022-01-26,36962.3,38862.6,36280.0,36414.8,105320.0,-0.014499999999999999
2022-01-27,36800.1,37215.4,35543.2,37164.3,83520.0,0.009899999999999999
2022-01-28,37195.6,37995.9,36176.5,37745.1,69450.0,0.015600000000000001
2022-01-29,37736.5,38663.7,37350.2,38170.8,42770.0,0.0113
2022-01-30,38167.5,38313.3,37390.6,37917.7,34100.0,-0.0066
2022-01-31,37923.8,38701.4,36672.8,38498.6,61270.0,0.015300000000000001
2022-02-01,38475.6,39230.0,38037.9,38709.7,55200.0,0.0055000000000000005
2022-02-02,38711.2,38853.8,36682.3,36890.2,53740.0,-0.047
2022-02-03,36890.2,37304.3,36297.3,37287.8,50350.0,0.0108
2022-02-04,37287.8,41689.0,37041.1,41567.6,95490.0,0.1148
2022-02-05,41566.5,41899.8,40963.3,41412.1,46320.0,-0.0037
2022-02-06,41411.9,42614.8,41176.3,42392.2,31200.0,0.023700000000000002
2022-02-07,42385.2,44468.3,41695.4,43833.9,76600.0,0.034
2022-02-08,43833.9,45399.8,42705.0,44038.2,92880.0,0.004699999999999999
2022-02-09,44038.2,44800.4,43163.0,44388.9,50920.0,0.008
2022-02-10,44388.9,45755.2,43242.5,43521.0,89690.0,-0.0196
2022-02-11,43519.3,43915.1,42023.4,42388.4,69950.0,-0.026000000000000002
2022-02-12,42388.4,43006.4,41776.8,42205.2,37880.0,-0.0043
2022-02-13,42205.5,42725.1,41880.1,42061.1,25880.0,-0.0034000000000000002
2022-02-14,42061.1,42786.5,41591.3,42645.4,53250.0,0.0139
2022-02-15,42550.3,44722.6,42460.1,44544.4,56340.0,0.046900000000000004
2022-02-16,44540.9,44552.9,43377.6,43883.6,41400.0,-0.0148
2022-02-17,43885.5,44167.1,40103.8,40552.8,72630.0,-0.0759
2022-02-18,40532.5,40935.5,39505.0,40000.1,64959.99999999999,-0.013600000000000001
2022-02-19,40000.1,40434.3,39666.6,39945.7,26120.0,-0.0014000000000000002
2022-02-20,40089.6,40120.3,38042.2,38355.0,47920.0,-0.0433
2022-02-21,38355.0,39444.1,36868.9,37017.7,91820.0,-0.0349
2022-02-22,37018.3,38414.9,36399.6,38248.2,82750.0,0.0332
2022-02-23,38248.2,39194.5,37168.3,37185.8,63170.0,-0.0278
2022-02-24,37250.2,39351.6,34357.4,38339.2,180470.0,0.029900000000000003
2022-02-25,38339.2,39683.7,38042.6,39209.6,83780.0,0.0227
2022-02-26,39221.6,40094.5,38639.1,39115.5,41550.0,-0.0024
2022-02-27,39116.6,39838.5,37062.3,37689.1,66140.0,-0.0365
2022-02-28,37707.2,43977.8,37458.9,43188.2,108070.0,0.1459
2022-03-01,43187.2,44900.5,42876.6,44420.3,90670.0,0.0285
2022-03-02,44420.3,45294.2,43361.3,43976.5,82120.0,-0.01
2022-03-03,43912.8,44077.2,41840.8,42463.0,74110.0,-0.033
2022-03-04,42463.0,42848.7,38594.9,39142.7,3210000000.0,-0.0782
2022-03-05,39142.8,39600.2,38626.1,39336.8,1700000000.0,0.005
2022-03-06,39396.3,39668.1,38115.0,38403.1,1930000000.0,-0.0252
2022-03-07,38420.6,39532.0,37182.1,38043.9,3030000000.0,-0.009399999999999999
2022-03-08,38020.6,39351.5,37886.6,38744.8,2670000000.0,0.0189
2022-03-09,38731.5,42538.5,38663.3,41929.0,3600000000.0,0.08220000000000001
2022-03-10,41933.9,42029.1,38603.5,39416.3,3620000000.0,-0.0599
2022-03-11,39422.5,40177.0,38236.4,38730.2,2790000000.0,-0.0174
2022-03-12,38730.2,39355.3,38666.5,38814.3,1110000000.0,0.0022
2022-03-13,38813.2,39272.3,37603.4,37792.4,1550000000.0,-0.0263
2022-03-14,37789.5,39914.3,37613.6,39671.1,2330000000.0,0.049699999999999994
2022-03-15,39673.0,39854.7,38220.9,39285.7,2250000000.0,-0.0097
2022-03-16,39282.5,41701.6,38953.2,41118.7,4470000000.0,0.0467
2022-03-17,41118.7,41406.0,40557.8,40914.8,1900000000.0,-0.005
2022-03-18,40914.6,42308.4,40234.8,41767.8,2310000000.0,0.0208
2022-03-19,41768.0,42386.0,41529.6,42233.0,224590000.0,0.0111
2022-03-20,42241.0,42301.0,40922.0,41276.0,308450000.0,-0.0227
2022-03-21,41282.0,41532.0,40530.0,41022.0,406620000.0,-0.0062
2022-03-22,41022.0,43327.9,40893.0,42373.0,537060000.0,0.0329
2022-03-23,42373.0,43027.0,41795.0,42912.0,433960000.0,0.0127
2022-03-24,42911.0,44251.0,42658.0,44013.0,491660000.0,0.025699999999999997
2022-03-25,44013.0,45112.0,43622.0,44331.0,494090000.0,0.0072
2022-03-26,44331.0,44818.0,44090.0,44548.0,196300000.0,0.0049
2022-03-27,44542.0,46947.0,44445.0,46859.0,388790000.0,0.0519
2022-03-28,46859.0,48199.0,46672.0,47105.0,610270000.0,0.0052
2022-03-29,47126.0,48127.0,47029.0,47449.0,478820000.0,0.0073
2022-03-30,47449.0,47714.0,46601.0,47075.0,467760000.0,-0.0079
2022-03-31,47071.0,47624.0,45529.0,45736.0,503710000.0,-0.028399999999999998
2022-04-01,45529.0,46728.0,44261.0,46329.0,648270000.0,0.0177
2022-04-02,46299.0,47212.0,45641.0,45811.0,345930000.0,-0.0105
2022-04-03,45813.0,47435.0,45554.0,46407.0,398860000.0,0.013000000000000001
2022-04-04,46407.0,46599.0,45152.0,46401.0,493420000.0,-0.0001
2022-04-05,46614.0,47201.0,45388.0,45506.0,421110000.0,-0.0241
2022-04-06,45494.0,45519.0,43122.0,43173.0,649520000.0,-0.0513
2022-04-07,43166.0,43893.0,42747.0,43545.0,402100000.0,0.0086
2022-04-08,43450.0,43979.0,42113.0,42275.0,467830000.0,-0.027000000000000003
2022-04-09,42275.0,42809.0,42129.0,42767.0,165160000.0,0.0116
2022-04-10,42760.0,43421.0,41884.0,42138.0,255830000.0,-0.0147
2022-04-11,42144.0,42418.0,39202.0,39497.0,608380000.0,-0.06269999999999999
2022-04-12,39507.0,40678.0,39265.0,40078.0,468270000.0,0.0147
2022-04-13,40072.0,41515.0,39581.0,41133.0,406700000.0,0.0263
2022-04-14,41133.0,41494.0,39585.0,39972.0,293760000.0,-0.0282
2022-04-15,39936.0,40850.0,39781.0,40560.0,233090000.0,0.015600000000000001
2022-04-16,40571.0,40691.0,40003.0,40558.0,149170000.0,-0.0
2022-04-17,40382.0,40599.0,39561.0,39703.0,210010000.0,-0.0168
2022-04-18,39700.0,41095.0,38577.0,40803.0,484260000.0,0.0277
2022-04-19,40809.0,41746.0,40585.0,41503.0,268279999.99999997,0.0172
2022-04-20,41499.0,42203.0,40915.0,41368.0,382840000.0,-0.0033
2022-04-21,41370.0,42969.0,40552.0,40764.0,441880000.0,-0.0146
2022-04-22,40487.0,40792.0,39200.0,39709.0,421300000.0,-0.0191
2022-04-23,39709.0,39973.0,39291.0,39418.0,190600000.0,-0.0073
2022-04-24,39434.0,39929.0,39033.0,39464.0,283630000.0,0.0012
2022-04-25,39464.0,40599.0,38233.0,40427.0,654600000.0,0.024399999999999998
2022-04-26,40443.0,40770.0,37741.0,38423.0,673680000.0,-0.0496
2022-04-27,38113.0,39447.0,37869.0,39194.0,449660000.0,0.028399999999999998
2022-04-28,39243.0,40382.0,38888.0,39748.0,542390000.0,0.0129
2022-04-29,39748.0,39919.0,38175.0,38558.0,386470000.0,-0.029900000000000003
2022-04-30,38590.0,38776.0,37596.0,37650.0,248220000.0,-0.0241
2022-05-01,37642.0,38676.0,37397.0,38461.0,276990000.0,0.0215
2022-05-02,38472.0,39134.0,38061.0,38514.0,580790000.0,0.0014000000000000002
2022-05-03,38515.0,38647.0,37513.0,37718.0,367210000.0,-0.0207
2022-05-04,37717.0,40021.0,37660.0,39688.0,691490000.0,0.052199999999999996
2022-05-05,39686.0,39833.0,36183.0,36544.0,1040000000.0,-0.07919999999999999
2022-05-06,36540.0,36646.0,35267.0,36009.0,752840000.0,-0.0146
2022-05-07,36003.0,36119.0,35000.0,35214.0,224460000.0,-0.022099999999999998
2022-05-08,35468.0,35497.0,33727.0,34060.0,671050000.0,-0.0397
2022-05-09,34041.0,34227.0,30095.0,30095.0,268090.0,-0.1164
2022-05-10,30098.2,32621.2,29831.0,30784.6,241890.0,0.0229
2022-05-11,31008.0,32113.6,27835.5,29074.3,294110.0,-0.0623
2022-05-12,29073.4,30136.7,26500.5,28976.0,309480.0,-0.0032
2022-05-13,28994.3,31002.7,28755.0,29944.6,143320.0,0.0334
2022-05-14,29285.2,30277.4,28666.7,30080.4,70460.0,0.027200000000000002
2022-05-15,30078.6,31383.8,29499.4,31308.7,65440.0,0.0408
2022-05-16,31308.3,31312.4,29135.8,30173.8,99810.0,-0.0362
2022-05-17,29856.7,30720.1,29484.5,30437.5,79630.0,0.0197
2022-05-18,30437.5,30687.9,28648.1,28683.7,92030.0,-0.0576
2022-05-19,28700.4,30525.1,28682.1,30305.9,101380.0,0.056600000000000004
2022-05-20,30305.9,30735.1,28738.5,29187.3,100420.0,-0.0369
2022-05-21,29188.7,29623.2,28953.9,29434.6,32270.000000000004,0.0088
2022-05-22,29433.0,30462.0,29260.1,30286.6,50600.0,0.028900000000000002
2022-05-23,30287.3,30644.8,29061.5,29170.8,86960.0,-0.0368
2022-05-24,29091.6,29810.8,28706.1,29648.7,79420.0,0.0191
2022-05-25,29648.7,30202.3,29353.5,29540.6,78850.0,-0.0036
2022-05-26,29537.9,29868.9,28077.9,29203.5,126710.0,-0.011399999999999999
2022-05-27,29194.0,29377.1,28282.2,28601.2,116410.0,-0.0206
2022-05-28,28620.1,29194.4,28537.2,29027.1,43870.0,0.0149
2022-05-29,29027.1,29556.5,28838.7,29465.2,36870.0,0.0151
2022-05-30,29465.2,32185.6,29307.2,31723.3,129560.0,0.0766
2022-05-31,31730.2,32377.5,31221.2,31793.4,86600.0,0.0022
2022-06-01,31793.1,31969.9,29396.6,29798.5,135090.0,-0.06269999999999999
2022-06-02,29798.6,30638.5,29604.4,30455.5,81400.0,0.022000000000000002
2022-06-03,30455.7,30674.8,29330.8,29700.9,72130.0,-0.0248
2022-06-04,29700.9,29963.8,29489.5,29864.3,33510.0,0.0055000000000000005
2022-06-05,29865.1,30166.9,29539.0,29913.0,30330.0,0.0016
2022-06-06,29911.2,31753.4,29888.6,31367.6,94010.0,0.048600000000000004
2022-06-07,31370.3,31556.6,29235.0,31128.8,140320.0,-0.0076
2022-06-08,31127.2,31312.1,29874.8,30201.6,87960.0,-0.0298
2022-06-09,30202.1,30691.4,29953.8,30097.8,61720.0,-0.0034000000000000002
2022-06-10,30097.4,30325.6,28884.9,29083.3,104260.0,-0.0337
2022-06-11,29083.3,29426.6,28161.8,28403.4,82920.0,-0.023399999999999997
2022-06-12,28404.0,28534.8,26606.3,26606.3,120020.0,-0.0633
2022-06-13,26606.3,26857.6,22006.3,22448.0,379260.0,-0.1563
2022-06-14,22449.1,23200.3,20860.9,22157.3,251010.0,-0.0129
2022-06-15,22137.5,22754.4,20125.8,22577.9,280410.0,0.019
2022-06-16,22577.9,22942.1,20231.1,20386.6,144000.0,-0.0971
2022-06-17,20391.3,21315.4,20244.1,20444.6,136270.0,0.0028000000000000004
2022-06-18,20446.4,20744.7,17630.5,18986.5,267250.0,-0.0713
2022-06-19,18983.4,20763.5,17983.7,20577.2,169390.0,0.08380000000000001
2022-06-20,20576.9,20996.8,19658.8,20291.8,141920.0,-0.0139
2022-06-21,20571.6,21689.3,20371.7,20720.4,136320.0,0.0072
2022-06-22,20720.2,20864.3,19780.2,19965.8,125940.0,-0.0364
2022-06-23,19967.3,21189.8,19907.5,21100.7,110700.0,0.056799999999999996
2022-06-24,21100.9,21488.7,20743.9,21226.9,104560.0,0.006
2022-06-25,21226.9,21553.4,20917.5,21489.9,66630.0,0.0124
2022-06-26,21489.9,21837.4,20989.7,21043.5,67210.0,-0.0208
2022-06-27,21037.7,21497.5,20568.0,20730.2,84690.0,-0.0149
2022-06-28,20727.9,21200.2,20210.5,20278.0,83830.0,-0.0218
2022-06-29,20278.0,20415.8,19880.7,20111.3,98970.0,-0.008199999999999999
2022-06-30,20111.3,20155.1,18682.7,19926.6,127730.0,-0.0092
2022-07-01,19926.6,20785.6,18980.1,19355.6,160920.0,-0.0287
2022-07-02,19275.4,19425.4,19006.4,19243.2,58570.0,-0.001
2022-07-03,19243.4,19626.4,18794.4,19309.9,65269.99999999999,0.0034999999999999996
2022-07-04,19310.6,20303.8,19052.5,20215.8,92790.0,0.046900000000000004
2022-07-05,20215.8,20706.9,19315.4,20200.6,122430.0,-0.0008
2022-07-06,20180.4,20654.9,19785.3,20561.1,105240.0,0.0178
2022-07-07,20557.9,21817.8,20282.7,21637.8,115810.0,0.0524
2022-07-08,21637.1,22482.1,21207.0,21765.3,434410.0,0.0059
2022-07-09,21610.4,21944.1,21338.4,21587.5,190110.0,-0.0011
2022-07-10,21587.4,21599.2,20689.7,20847.4,204680.0,-0.034300000000000004
2022-07-11,20847.2,20855.0,19897.0,19963.2,160200.0,-0.0424
2022-07-12,19963.2,20051.7,19279.6,19330.9,167910.0,-0.0317
2022-07-13,19331.6,20250.8,18942.2,20250.0,249380.0,0.0475
2022-07-14,20250.0,20862.2,19664.9,20586.0,205280.0,0.0166
2022-07-15,20586.1,21178.1,20393.4,20825.1,164670.0,0.0116
2022-07-16,20825.2,21561.3,20484.4,21209.9,136890.0,0.018500000000000003
2022-07-17,21209.8,21654.4,20755.2,20785.6,132810.0,-0.02
2022-07-18,20785.6,22714.9,20770.6,22525.8,279720.0,0.0837
2022-07-19,22529.3,23757.3,21581.8,23410.2,308910.0,0.0393
2022-07-20,23412.0,24258.0,22944.4,23215.2,281310.0,-0.0083
2022-07-21,23219.9,23403.8,22360.2,23045.1,220270.0,-0.0073
2022-07-22,23150.0,23741.4,22524.2,22675.2,197540.0,-0.0206
2022-07-23,22683.6,22991.0,21971.7,22460.4,137420.0,-0.0095
2022-07-24,22449.8,22987.9,22281.3,22582.1,126660.0,0.0054
2022-07-25,22582.3,22653.3,21275.4,21301.9,206930.0,-0.0567
2022-07-26,21301.6,21322.3,20737.3,21248.7,201570.0,-0.0025
2022-07-27,21248.0,23027.8,21047.5,22958.3,242660.0,0.0805
2022-07-28,22957.7,24190.5,22611.6,23850.0,268320.0,0.0388
2022-07-29,23850.2,24340.0,23451.4,23824.3,220760.0,-0.0011
2022-07-30,23774.2,24605.3,23521.8,23566.8,168960.0,-0.0087
